prompt,slg_0.0_cfg_0.0,slg_1.0_cfg_0.0,slg_2.0_cfg_0.0,slg_3.0_cfg_0.0,slg_0.0_cfg_1.5,slg_1.0_cfg_1.5,slg_2.0_cfg_1.5,slg_3.0_cfg_1.5,slg_0.0_cfg_3.0,slg_1.0_cfg_3.0,slg_2.0_cfg_3.0,slg_3.0_cfg_3.0,slg_0.0_cfg_4.5,slg_1.0_cfg_4.5,slg_2.0_cfg_4.5,slg_3.0_cfg_4.5,slg_0.0_cfg_6.0,slg_1.0_cfg_6.0,slg_2.0_cfg_6.0,slg_3.0_cfg_6.0
A cactus-themed café,0.1720178522190278,0.1720178522190278,0.15097232659324472,0.13052066527958242,0.12035774677658,0.12035774677658,0.14446841084611983,0.11431691093518075,0.11219306998953762,0.11219306998953762,0.122348094843887,0.11786635262855935,0.11735824700432058,0.11735824700432058,0.0930579028027646,0.09892213469619711,0.115125857213632,0.115125857213632,0.09628440639676594,0.1278040027605245
A cat pirate captain,0.2249144298324626,0.2249144298324626,0.2354866210158678,0.2054673721340388,0.20605220605220606,0.20605220605220606,0.22059379217273956,0.2157244964262508,0.2347202405528814,0.2347202405528814,0.2688385061266417,0.23677337155598024,0.282174688057041,0.282174688057041,0.23151407978994185,0.2128648560873625,0.26441396673954815,0.26441396673954815,0.23060160744239655,0.19927020616675786
A flying cat bus soa,0.23418203253391975,0.23418203253391975,0.18771506997103976,0.19511035452488798,0.19162460007109847,0.19162460007109847,0.18568334578043316,0.23258096261755248,0.1759770796255653,0.1759770796255653,0.2033366303213302,0.23802686202686202,0.20028435715159626,0.20028435715159626,0.1557350137136668,0.18461396062372692,0.2057000628091795,0.2057000628091795,0.2545218166706791,0.18705185508922245
A goblin librarian i,0.12954839764805567,0.12954839764805567,0.1717549899352358,0.12252662956752772,0.19846233230134158,0.19846233230134158,0.1579481237864857,0.09929146017381311,0.14250803597257858,0.14250803597257858,0.1255373318476544,0.14707488968358534,0.11446615097677984,0.11446615097677984,0.08767707651707528,0.09208725167476424,0.135586956299615,0.135586956299615,0.13353229645439393,0.08831013796334072
A medieval alchemist,0.24628150555942524,0.24628150555942524,0.164825055090747,0.2339156664213537,0.09234042553191489,0.09234042553191489,0.20522706977930855,0.21844680868534644,0.25456680161943324,0.25456680161943324,0.2245220195506587,0.21464118419448974,0.14202206246756804,0.14202206246756804,0.18891443479678777,0.20478222583485742,0.20225997760559972,0.20225997760559972,0.18336182031834206,0.21348115243292173
A raccoon mechanic w,0.1981577187601284,0.1981577187601284,0.20795655949884137,0.1707285166662902,0.2362431187507022,0.2362431187507022,0.2139586411012421,0.25619235177239197,0.19049728092049273,0.19049728092049273,0.18638521732306418,0.24371195750506097,0.16851848226185023,0.16851848226185023,0.16553721887296063,0.21909817428693637,0.1621314609473477,0.1621314609473477,0.15569334099475504,0.18261792333079463
A robotic blacksmith,0.17673372895257394,0.17673372895257394,0.16789152368099736,0.1721177572594674,0.14577418388739144,0.14577418388739144,0.16540351545094903,0.14824611018496467,0.1600179974265289,0.1600179974265289,0.16983960720130933,0.17785569985569985,0.17412559618441972,0.17412559618441972,0.1824786008581791,0.16877514020371165,0.19298635688609456,0.19298635688609456,0.2302874829479486,0.17173869759031862
A yeti DJ at a mount,0.23496928505647072,0.23496928505647072,0.24523703724602314,0.3146191038606333,0.2683651642475172,0.2683651642475172,0.24966287585707742,0.2664256787759092,0.2427796587184296,0.2427796587184296,0.22474850120386422,0.19420591036000548,0.20028206868794235,0.20028206868794235,0.21418490271250645,0.2238779415819264,0.22903035398344024,0.22903035398344024,0.22731080557871594,0.21177245489726415
An enchanted vending,0.13509803923555883,0.13509803923555883,0.15527970411465558,0.15782731940020653,0.17771155365889185,0.17771155365889185,0.20103521385968773,0.20463418040129291,0.14199697533037298,0.14199697533037298,0.13709845779675325,0.133854336020571,0.1699459215149269,0.1699459215149269,0.16298223559639494,0.18220753245784532,0.1720363651098284,0.1720363651098284,0.17313092360245047,0.16136704900926704
