prompt,layer_14,layer_13,layer_2,layer_5,layer_4,layer_3,layer_12,cfg,layer_15,layer_9,layer_0,layer_7,layer_18,layer_16,layer_11,layer_10,layer_17,layer_6,layer_1,layer_8
prompt_81,0.9729295074939728,0.9805358350276947,0.0,0.9867812693119049,0.9835181832313538,0.9603493809700012,0.993855357170105,0.8540668785572052,0.778822511434555,0.9828725457191467,0.0,0.9767340421676636,0.9328725934028625,0.9899863600730896,0.9833808541297913,0.9869564175605774,0.0,0.9778944253921509,0.0,0.9853475987911224
prompt_18,0.0,0.0,0.0,0.0,0.0,0.0,0.0,0.0,0.7750971019268036,0.0,0.0,0.0,0.0,0.0,0.0,0.0,0.0,0.0,0.0,0.0
prompt_65,0.9161543250083923,0.9547255039215088,0.9928163886070251,0.960659384727478,0.9525355696678162,0.9899539947509766,0.9496686458587646,0.9293704628944397,0.9664354920387268,0.9715552926063538,0.0,0.9385055303573608,0.9531164765357971,0.9429562091827393,0.9470322728157043,0.8473764657974243,0.0,0.0,0.0,0.9103004336357117
prompt_12,0.9957461953163147,0.0,0.0,0.989038348197937,0.9600504040718079,0.9988970160484314,0.9658007621765137,0.9823859333992004,0.9855282008647919,0.9916156828403473,0.0,0.0,0.9020071029663086,0.9817065894603729,0.9980683326721191,0.9644193053245544,0.9728208780288696,0.9978514909744263,0.0,0.0
prompt_20,0.9980094730854034,0.9976735711097717,0.9952910542488098,0.9977307319641113,0.9957333207130432,0.9959203898906708,0.9967542588710785,0.9970632195472717,0.9974624812602997,0.9987076818943024,0.9885481595993042,0.9958636462688446,0.9988769590854645,0.9970439672470093,0.9994375705718994,0.9953420460224152,0.9953138530254364,0.9988155961036682,0.0,0.9965417087078094
prompt_57,0.9788943529129028,0.0,0.9328529834747314,0.9820624589920044,0.0,0.0,0.7012667655944824,0.0,0.0,0.660246729850769,0.0,0.0,0.9774000644683838,0.0,0.0,0.0,0.9145772457122803,0.0,0.0,0.9614191055297852
prompt_76,0.9987019300460815,0.9916421175003052,0.0,0.9979605674743652,0.9945983588695526,0.9992870688438416,0.9972355961799622,0.9977743625640869,0.9981697499752045,0.996606171131134,0.0,0.8967271745204926,0.9957963824272156,0.9987259209156036,0.9967160820960999,0.9909480214118958,0.9931684732437134,0.9951826930046082,0.0,0.9987571835517883
prompt_98,0.0,0.0,0.9986164569854736,0.9950240254402161,0.9816275238990784,0.9978313446044922,0.9940306544303894,0.0,0.9966392517089844,0.9869936108589172,0.0,0.0,0.9966424107551575,0.9935439825057983,0.99507737159729,0.9956315159797668,0.9629750847816467,0.9926444292068481,0.0,0.9923740029335022
prompt_92,0.9948248863220215,0.9965353310108185,0.0,0.9792407155036926,0.9945401251316071,0.994188666343689,0.9953267276287079,0.9903548657894135,0.99458247423172,0.9954003989696503,0.0,0.9927308559417725,0.9691260159015656,0.9954573512077332,0.9891389608383179,0.9927048087120056,0.9939714074134827,0.9966962933540344,0.0,0.0
prompt_33,0.0,0.0,0.0,0.0,0.0,0.0,0.0,0.0,0.0,0.0,0.0,0.0,0.0,0.0,0.0,0.0,0.0,0.0,0.0,0.0
prompt_44,0.0,0.0,0.0,0.0,0.0,0.0,0.0,0.0,0.0,0.0,0.0,0.0,0.0,0.0,0.0,0.0,0.0,0.0,0.0,0.0
prompt_39,0.9948480725288391,0.9948910474777222,0.0,0.9913655817508698,0.9806118011474609,0.9746886193752289,0.9948787987232208,0.9882358014583588,0.9696516692638397,0.9909612834453583,0.0,0.9949519038200378,0.9945477843284607,0.9824153482913971,0.9869338870048523,0.9923244118690491,0.9913963079452515,0.9954464137554169,0.9717612862586975,0.9903848767280579
prompt_4,0.0,0.0,0.8220767974853516,0.0,0.0,0.0,0.0,0.0,0.0,0.0,0.0,0.0,0.0,0.0,0.0,0.0,0.0,0.0,0.0,0.0
prompt_9,0.8675521612167358,0.9045425057411194,0.0,0.8814007043838501,0.0,0.7431856393814087,0.8654762506484985,0.8560138940811157,0.8623156547546387,0.8990870714187622,0.0,0.9153841435909271,0.876627504825592,0.791954517364502,0.8591750860214233,0.8590980172157288,0.8453553915023804,0.9276138544082642,0.0,0.8870379030704498
prompt_3,0.0,0.0,0.0,0.0,0.0,0.0,0.0,0.0,0.0,0.0,0.0,0.0,0.0,0.0,0.0,0.0,0.0,0.0,0.0,0.0
prompt_43,0.0,0.9775267839431763,0.0,0.9871206283569336,0.9946570992469788,0.9832124412059784,0.9946755170822144,0.9999061226844788,0.9776809811592102,0.9916829168796539,0.9723123908042908,0.9954683780670166,0.0,0.0,0.992198258638382,0.9955782294273376,0.9975046515464783,0.9989398717880249,0.0,0.0
prompt_34,0.0,0.0,0.0,0.0,0.0,0.0,0.0,0.0,0.0,0.0,0.0,0.0,0.0,0.0,0.0,0.0,0.0,0.0,0.0,0.0
prompt_49,0.0,0.0,0.0,0.996422678232193,0.9982784390449524,0.9951962828636169,0.0,0.9974941611289978,0.9972818493843079,0.9967913627624512,0.0,0.9959858655929565,0.9954122304916382,0.0,0.0,0.9973499774932861,0.0,0.0,0.0,0.0
prompt_71,0.9678432941436768,0.9018743634223938,0.9964650273323059,0.921928882598877,0.9935037791728973,0.7757812440395355,0.9406703114509583,0.9715145826339722,0.994850218296051,0.981408953666687,0.0,0.9967600703239441,0.9488877058029175,0.9595778584480286,0.9436815977096558,0.9611683487892151,0.9664878845214844,0.9930550456047058,0.0,0.9630111455917358
prompt_95,0.0,0.0,0.0,0.0,0.0,0.0,0.0,0.0,0.0,0.0,0.0,0.0,0.0,0.0,0.0,0.0,0.0,0.0,0.0,0.0
prompt_50,0.9278673529624939,0.9838415384292603,0.9825334548950195,0.985356867313385,0.9797097444534302,0.9843734502792358,0.9540761113166809,0.9817264676094055,0.9950049519538879,0.9530714750289917,0.0,0.9920264482498169,0.9983541965484619,0.0,0.9611447751522064,0.9973663687705994,0.9462013244628906,0.9715233445167542,0.0,0.98689204454422
prompt_27,0.9805606007575989,0.9812034964561462,0.0,0.9633002281188965,0.9731902480125427,0.9714235663414001,0.9623652696609497,0.9739177823066711,0.98054438829422,0.9814384579658508,0.0,0.975114107131958,0.9659150242805481,0.9743256568908691,0.9788010120391846,0.9814416766166687,0.9716530442237854,0.9743704795837402,0.0,0.9935052394866943
prompt_68,0.9971271753311157,0.9601741135120392,0.999269425868988,0.99245685338974,0.999626636505127,0.9986671805381775,0.9977780282497406,0.9990888833999634,0.9960463643074036,0.9991865158081055,0.0,0.9977895021438599,0.9880805313587189,0.9891571998596191,0.993956059217453,0.9916976988315582,0.9864729642868042,0.9845252335071564,0.0,0.9979891777038574
prompt_86,0.9953945875167847,0.861369788646698,0.0,0.0,0.988153338432312,0.0,0.6348659992218018,0.9121868014335632,0.9926781058311462,0.9632104337215424,0.0,0.990156352519989,0.0,0.9801482558250427,0.9477254748344421,0.9970529973506927,0.9965740442276001,0.9939500093460083,0.0,0.9800984859466553
prompt_15,0.9476367235183716,0.9537526369094849,0.990223228931427,0.9401475191116333,0.9599885940551758,0.9812519550323486,0.9553098082542419,0.9866835474967957,0.5129703283309937,0.9571754336357117,0.0,0.9538185000419617,0.9836153388023376,0.9679194092750549,0.9861735701560974,0.9880908727645874,0.9891380071640015,0.9683976769447327,0.0,0.9432600736618042
prompt_62,0.9893968105316162,0.9917911887168884,0.944452166557312,0.9889316558837891,0.9939415454864502,0.99226975440979,0.9881488680839539,0.9891091585159302,0.9793764352798462,0.9943854808807373,0.0,0.9947742223739624,0.9945175051689148,0.9982351064682007,0.9940158724784851,0.9907574653625488,0.0,0.9922654032707214,0.0,0.9929348826408386
prompt_88,0.0,0.0,0.0,0.0,0.9883018732070923,0.9279443025588989,0.0,0.0,0.0,0.0,0.0,0.7663091421127319,0.0,0.0,0.0,0.0,0.0,0.9810210466384888,0.0,0.8463625311851501
prompt_11,0.8976805210113525,0.877122163772583,0.0,0.0,0.0,0.0,0.9047868251800537,0.865219235420227,0.0,0.8193748593330383,0.0,0.0,0.0,0.0,0.0,0.9925793409347534,0.0,0.0,0.0,0.0
prompt_66,0.0,0.0,0.0,0.0,0.0,0.0,0.0,0.0,0.0,0.0,0.0,0.0,0.0,0.0,0.0,0.0,0.0,0.0,0.0,0.0
prompt_82,0.9969711601734161,0.99737548828125,0.9678159952163696,0.9852730631828308,0.9945684671401978,0.9848585724830627,0.9862152934074402,0.9988941252231598,0.9926076829433441,0.9976552128791809,0.0,0.9980153441429138,0.9956522881984711,0.9939487874507904,0.9991822242736816,0.995187371969223,0.9977346956729889,0.9950839877128601,0.0,0.9699583649635315
prompt_54,0.0,0.0,0.0,0.0,0.0,0.0,0.0,0.0,0.0,0.0,0.0,0.0,0.0,0.0,0.0,0.0,0.0,0.0,0.0,0.0
prompt_23,0.0,0.0,0.0,0.0,0.0,0.0,0.0,0.0,0.8369908928871155,0.0,0.0,0.0,0.0,0.0,0.0,0.0,0.0,0.0,0.0,0.0
prompt_29,0.983932375907898,0.990573525428772,0.0,0.9929422736167908,0.9908181428909302,0.9667851328849792,0.9755722284317017,0.9693441987037659,0.9882926940917969,0.9869745373725891,0.0,0.9803484678268433,0.9961327314376831,0.9834406971931458,0.9933070540428162,0.9914687275886536,0.9882054924964905,0.9752497673034668,0.0,0.981778085231781
prompt_91,0.9990339875221252,0.9961308836936951,0.0,0.9905467629432678,0.9983788728713989,0.9978175759315491,0.998182475566864,0.9941798448562622,0.9981083273887634,0.9576598405838013,0.0,0.9979875087738037,0.9969556927680969,0.8629571199417114,0.9984733462333679,0.9981047511100769,0.99784916639328,0.9938704967498779,0.0,0.9329719543457031
prompt_75,0.9923706650733948,0.9934813380241394,0.9851774871349335,0.9916436076164246,0.9885130524635315,0.9889145195484161,0.9887200891971588,0.9363771080970764,0.956072211265564,0.9897149801254272,0.0,0.9778084456920624,0.9898916780948639,0.9881787598133087,0.9873045682907104,0.987439900636673,0.9783830940723419,0.8623413741588593,0.0,0.0
prompt_7,0.9937007427215576,0.9941720962524414,0.986781895160675,0.9912415146827698,0.9949862360954285,0.0,0.9926309585571289,0.0,0.9975544214248657,0.0,0.0,0.0,0.9991052746772766,0.9978991746902466,0.9849311113357544,0.0,0.8085898160934448,0.0,0.0,0.0
prompt_47,0.9982645511627197,0.9955616295337677,0.991250216960907,0.9976203441619873,0.9973822832107544,0.9950407147407532,0.9976691007614136,0.9968302547931671,0.9961346089839935,0.9934776127338409,0.9920215904712677,0.9956435859203339,0.9943529963493347,0.9971733391284943,0.9937285780906677,0.9991351366043091,0.9940944314002991,0.9968553185462952,0.9967009425163269,0.9875983595848083
prompt_30,0.990472286939621,0.9980443120002747,0.9890568852424622,0.9912300109863281,0.9916799664497375,0.9902092516422272,0.9898762702941895,0.991695374250412,0.9912661910057068,0.9928246736526489,0.9685682356357574,0.9933051466941833,0.9835147857666016,0.9897881150245667,0.9924597442150116,0.9941729605197906,0.992798775434494,0.9908692538738251,0.0,0.9925240874290466
prompt_37,0.9849171042442322,0.9798513054847717,0.9850373864173889,0.978650689125061,0.9827461242675781,0.9826026558876038,0.9695003032684326,0.9761212468147278,0.9758724868297577,0.9683742225170135,0.9770869612693787,0.9818195700645447,0.9131375253200531,0.9707542657852173,0.9684312045574188,0.9804531037807465,0.9845427870750427,0.9783362150192261,0.9795053601264954,0.978211909532547
prompt_40,0.0,0.9782527089118958,0.7527843117713928,0.9301505386829376,0.9935110807418823,0.0,0.9569122195243835,0.9801096320152283,0.9766115546226501,0.9987152218818665,0.0,0.9992979764938354,0.9882510900497437,0.9230415523052216,0.9987824559211731,0.0,0.0,0.9906057119369507,0.0,0.8590099811553955
prompt_0,0.9916834533214569,0.9894346594810486,0.9966445863246918,0.9941617250442505,0.9879787266254425,0.9865365028381348,0.9907994270324707,0.9917230308055878,0.987860381603241,0.9864331781864166,0.9965914487838745,0.9919633865356445,0.983559638261795,0.9891258180141449,0.9842870533466339,0.9868433773517609,0.9839867055416107,0.9837841987609863,0.9998928904533386,0.990247905254364
prompt_96,0.9872688055038452,0.9834651350975037,0.9878133535385132,0.9868389368057251,0.989666610956192,0.9870961308479309,0.9794535636901855,0.9903447031974792,0.9882003962993622,0.9905328452587128,0.9693109393119812,0.9904918670654297,0.9893966019153595,0.9819362759590149,0.9846154153347015,0.9812270402908325,0.9867452085018158,0.9865708649158478,0.9808786511421204,0.9882879257202148
prompt_78,0.984111875295639,0.9651343822479248,0.0,0.9400924444198608,0.9948646426200867,0.9897676706314087,0.9682848453521729,0.9777253568172455,0.9560193419456482,0.9875072240829468,0.0,0.9808313846588135,0.9837521016597748,0.983240395784378,0.9850325584411621,0.9732213914394379,0.9526804387569427,0.9768718779087067,0.0,0.9960927069187164
prompt_72,0.0,0.9882934093475342,0.0,0.9984273314476013,0.9944982528686523,0.8129351735115051,0.987789124250412,0.9984272420406342,0.9974073767662048,0.9705796539783478,0.0,0.9761625826358795,0.9955846071243286,0.9975043535232544,0.9947164058685303,0.994579553604126,0.0,0.9841498136520386,0.9803594350814819,0.9924435615539551
prompt_24,0.9523414373397827,0.9292812347412109,0.0,0.0,0.9469059109687805,0.0,0.0,0.930385172367096,0.9468325972557068,0.0,0.0,0.0,0.0,0.0,0.0,0.0,0.0,0.9561744332313538,0.0,0.9475346803665161
prompt_53,0.981030136346817,0.9725821614265442,0.0,0.9739484488964081,0.9837944507598877,0.9781446754932404,0.9722202718257904,0.9787274897098541,0.9725879430770874,0.9760805666446686,0.0,0.9726486802101135,0.9828346073627472,0.967041552066803,0.9717080295085907,0.9662413895130157,0.9784809648990631,0.9831483662128448,0.0,0.9697138965129852
prompt_59,0.9859915673732758,0.9859373569488525,0.0,0.9943229854106903,0.9958738088607788,0.9941142201423645,0.9960756599903107,0.9887420237064362,0.9972996413707733,0.9964660108089447,0.0,0.9981492459774017,0.9893783330917358,0.9865373969078064,0.9759256839752197,0.9951133728027344,0.9902394115924835,0.9963529407978058,0.0,0.9962515830993652
prompt_61,0.9918321371078491,0.6917462348937988,0.0,0.9228096604347229,0.9937049746513367,0.9904583692550659,0.9950270354747772,0.0,0.0,0.9969394207000732,0.0,0.9967268705368042,0.9943711757659912,0.9766007661819458,0.9907522797584534,0.9962670207023621,0.9906195402145386,0.0,0.0,0.9969896078109741
prompt_16,0.0,0.0,0.0,0.0,0.0,0.0,0.0,0.0,0.0,0.0,0.0,0.0,0.0,0.0,0.0,0.0,0.0,0.0,0.0,0.0
prompt_85,0.0,0.0,0.9909858107566833,0.0,0.0,0.0,0.0,0.0,0.0,0.0,0.0,0.0,0.0,0.0,0.0,0.0,0.9857603013515472,0.0,0.0,0.0
prompt_26,0.0,0.0,0.0,0.0,0.0,0.0,0.0,0.0,0.0,0.0,0.0,0.0,0.0,0.0,0.0,0.0,0.0,0.0,0.0,0.0
prompt_51,0.928108274936676,0.9435642957687378,0.9813700318336487,0.9762094616889954,0.9836481809616089,0.920884907245636,0.9625181555747986,0.9397489428520203,0.9510454535484314,0.7171139717102051,0.0,0.9546291828155518,0.0,0.9623082876205444,0.9534366726875305,0.8451937437057495,0.9669050574302673,0.9718297123908997,0.0,0.928259015083313
prompt_63,0.940352737903595,0.0,0.988712728023529,0.9933575987815857,0.9928769469261169,0.9916521906852722,0.992454469203949,0.9933382868766785,0.9897719025611877,0.960385799407959,0.0,0.9175193309783936,0.9956784844398499,0.99751877784729,0.9837204813957214,0.9926306009292603,0.9902267456054688,0.9901604056358337,0.0,0.9465972185134888
prompt_14,0.9965025782585144,0.9957669675350189,0.9972461462020874,0.9968028664588928,0.9966818392276764,0.9948493838310242,0.9963692426681519,0.9955697357654572,0.9964647889137268,0.998021274805069,0.0,0.9966598451137543,0.9966831803321838,0.9966340661048889,0.9938652813434601,0.9912388026714325,0.9948542416095734,0.982311487197876,0.977191150188446,0.9970743358135223
prompt_69,0.9753397107124329,0.9603680968284607,0.987695574760437,0.9777302145957947,0.9839233756065369,0.9346479773521423,0.9614214897155762,0.9648790955543518,0.9649446606636047,0.9770217537879944,0.0,0.9689540266990662,0.9791187644004822,0.9620121717453003,0.9605844020843506,0.9818973541259766,0.9691658616065979,0.9718303084373474,0.0,0.9756062030792236
prompt_87,0.0,0.0,0.0,0.0,0.0,0.0,0.0,0.0,0.0,0.0,0.0,0.0,0.9596871137619019,0.0,0.0,0.0,0.0,0.0,0.0,0.0
prompt_2,0.0,0.0,0.0,0.0,0.0,0.0,0.0,0.0,0.0,0.0,0.0,0.0,0.0,0.0,0.0,0.0,0.0,0.0,0.0,0.0
prompt_8,0.0,0.0,0.0,0.0,0.0,0.0,0.0,0.0,0.0,0.0,0.0,0.0,0.0,0.0,0.0,0.0,0.0,0.0,0.0,0.0
prompt_48,0.0,0.0,0.0,0.0,0.0,0.0,0.0,0.0,0.0,0.0,0.0,0.0,0.0,0.0,0.0,0.0,0.0,0.0,0.0,0.0
prompt_35,0.0,0.9912914633750916,0.0,0.0,0.6371257901191711,0.0,0.9801843166351318,0.795201301574707,0.5825858116149902,0.8076257705688477,0.0,0.9603233933448792,0.0,0.8036209940910339,0.9184876680374146,0.9728193879127502,0.9880906939506531,0.944237470626831,0.0,0.763242244720459
prompt_42,0.0,0.0,0.9578042030334473,0.0,0.0,0.0,0.0,0.0,0.0,0.0,0.0,0.0,0.0,0.0,0.0,0.0,0.0,0.0,0.0,0.0
prompt_94,0.9858101010322571,0.9869857132434845,0.0,0.984394371509552,0.980835884809494,0.9874217808246613,0.9699086248874664,0.9814542531967163,0.9770162999629974,0.9886837005615234,0.0,0.9813446998596191,0.9904153943061829,0.9956957697868347,0.9861887693405151,0.9897028505802155,0.9865973591804504,0.9782712161540985,0.0,0.9891087710857391
prompt_70,0.978998601436615,0.9813868701457977,0.0,0.9882682859897614,0.9792956113815308,0.9910037517547607,0.9593131840229034,0.9859731495380402,0.9818158447742462,0.9945210218429565,0.9962621927261353,0.9836529791355133,0.993129700422287,0.9925629794597626,0.9852530658245087,0.9892697632312775,0.977028489112854,0.9915304481983185,0.0,0.9916697442531586
prompt_93,0.0,0.0,0.0,0.0,0.0,0.0,0.0,0.0,0.0,0.9958592653274536,0.0,0.0,0.9861912727355957,0.0,0.0,0.0,0.0,0.0,0.0,0.0
prompt_77,0.967994213104248,0.9857542514801025,0.0,0.9635018706321716,0.971764326095581,0.9905854761600494,0.9980371594429016,0.9859642386436462,0.9863759279251099,0.99735227227211,0.9947701692581177,0.9954765439033508,0.9975253343582153,0.0,0.0,0.9898386597633362,0.9792124330997467,0.9788365960121155,0.0,0.9729042053222656
prompt_99,0.9648583233356476,0.886469841003418,0.992801308631897,0.9153191447257996,0.9952667355537415,0.9893949627876282,0.9383160769939423,0.8994588553905487,0.973483681678772,0.862763524055481,0.7912940382957458,0.9716755747795105,0.0,0.9519001543521881,0.9187465906143188,0.9354690313339233,0.9599922895431519,0.970713198184967,0.9115071892738342,0.0
prompt_38,0.9538180828094482,0.853489875793457,0.9856284856796265,0.8867920637130737,0.996591329574585,0.9560287594795227,0.9683979749679565,0.0,0.9869155883789062,0.0,0.0,0.976036548614502,0.9032962322235107,0.871465265750885,0.9886778593063354,0.9685297310352325,0.0,0.9503819346427917,0.0,0.9868966937065125
prompt_45,0.9991229772567749,0.9901090264320374,0.0,0.995378315448761,0.9917832612991333,0.9956793785095215,0.9835320115089417,0.9950751662254333,0.9633139967918396,0.0,0.0,0.9979347586631775,0.9955437183380127,0.9434451460838318,0.999424934387207,0.7456598281860352,0.9993988871574402,0.9990484118461609,0.9963564872741699,0.9970525503158569
prompt_32,0.0,0.0,0.0,0.0,0.0,0.0,0.0,0.0,0.0,0.0,0.0,0.0,0.0,0.0,0.0,0.0,0.0,0.0,0.0,0.0
prompt_5,0.0,0.0,0.0,0.0,0.0,0.0,0.0,0.0,0.0,0.0,0.0,0.0,0.0,0.0,0.0,0.0,0.0,0.0,0.0,0.0
prompt_13,0.9965797662734985,0.9961957335472107,0.0,0.9977630376815796,0.9984879493713379,0.9958606958389282,0.9951989650726318,0.9960887432098389,0.9988315105438232,0.992059051990509,0.0,0.9942954182624817,0.9982805848121643,0.9684808254241943,0.9961131811141968,0.9799520373344421,0.996722936630249,0.9931914210319519,0.0,0.9975263476371765
prompt_64,0.9858545064926147,0.9895368814468384,0.9848099648952484,0.981949508190155,0.988323450088501,0.9858432412147522,0.9829132556915283,0.9895753562450409,0.9887316823005676,0.9924885630607605,0.9955200552940369,0.9905526041984558,0.9643552601337433,0.9705710113048553,0.9817000925540924,0.9886804819107056,0.9806605279445648,0.992154598236084,0.9940263032913208,0.9897451102733612
prompt_80,0.9979512095451355,0.0,0.0,0.0,0.9780800342559814,0.9669854640960693,0.990580141544342,0.0,0.9717492163181305,0.9137023687362671,0.0,0.0,0.5114642381668091,0.9959093332290649,0.0,0.0,0.0,0.0,0.0,0.0
prompt_19,0.0,0.0,0.0,0.9962723851203918,0.0,0.9993672966957092,0.9995949268341064,0.9998635053634644,0.9973563551902771,0.9550983905792236,0.0,0.9979783296585083,0.9906382858753204,0.999710738658905,0.878783106803894,0.0,0.0,0.0,0.0,0.0
prompt_56,0.9700146317481995,0.9836374521255493,0.0,0.0,0.975050151348114,0.995204746723175,0.9900104999542236,0.0,0.0,0.9937741160392761,0.0,0.9232131242752075,0.9899864196777344,0.9498834311962128,0.9973223805427551,0.9785434007644653,0.0,0.993796706199646,0.0,0.0
prompt_21,0.9455743432044983,0.9989915490150452,0.9944030046463013,0.9968098700046539,0.9936798214912415,0.9799112379550934,0.0,0.993903636932373,0.9968743324279785,0.9999269247055054,0.0,0.9730488657951355,0.998920738697052,0.9496567845344543,0.9968675374984741,0.9989503026008606,0.9988061785697937,0.9995573163032532,0.0,0.9998514652252197
prompt_58,0.9769315719604492,0.967475950717926,0.9922254979610443,0.9744519591331482,0.9755122661590576,0.9674531519412994,0.9764769673347473,0.9704080820083618,0.9764337241649628,0.9724981784820557,0.0,0.9737142324447632,0.9913690984249115,0.9768517315387726,0.9720172584056854,0.9673542082309723,0.9871055781841278,0.9671662449836731,0.0,0.9739506244659424
prompt_52,0.959953784942627,0.9432264566421509,0.9928216338157654,0.905916690826416,0.9486497640609741,0.9557373523712158,0.926064133644104,0.9195808172225952,0.9599642157554626,0.9313400983810425,0.9034188985824585,0.91849285364151,0.9887620806694031,0.9144874811172485,0.9363316297531128,0.9233331680297852,0.7238402962684631,0.9917826056480408,0.9796352982521057,0.9358878135681152
prompt_25,0.0,0.9807685613632202,0.0,0.9885363578796387,0.9946903586387634,0.0,0.0,0.9851057529449463,0.9960206151008606,0.9948518872261047,0.0,0.9301687180995941,0.9933780431747437,0.9904327392578125,0.9878273606300354,0.5015274286270142,0.9911879301071167,0.0,0.0,0.9933266639709473
prompt_84,0.0,0.0,0.0,0.9837273955345154,0.0,0.0,0.0,0.0,0.0,0.9948655366897583,0.0,0.9743385910987854,0.9947933554649353,0.9620187878608704,0.0,0.9963250160217285,0.0,0.0,0.0,0.9925987720489502
prompt_17,0.9846013784408569,0.9818331003189087,0.9642806649208069,0.9619154334068298,0.9888960123062134,0.9886707663536072,0.9963728189468384,0.9618571400642395,0.9956945180892944,0.9833218455314636,0.0,0.9616023302078247,0.968902587890625,0.9927437901496887,0.9481542706489563,0.9969896674156189,0.9928843975067139,0.9681410789489746,0.9755141735076904,0.9691904783248901
prompt_60,0.9939848482608795,0.0,0.922677755355835,0.9535337686538696,0.959633469581604,0.8208212852478027,0.9914241433143616,0.0,0.8586965799331665,0.9931950569152832,0.0,0.9389736652374268,0.9145116806030273,0.9374698996543884,0.0,0.9629660248756409,0.5173671841621399,0.908306360244751,0.0,0.8228665590286255
prompt_41,0.9803553223609924,0.9786376953125,0.9837307929992676,0.9547478556632996,0.9837930798530579,0.9875653386116028,0.9778584837913513,0.979912281036377,0.9822946190834045,0.9773191213607788,0.0,0.9827049970626831,0.9829655885696411,0.983147382736206,0.9887694716453552,0.9733033776283264,0.9865122437477112,0.9842329621315002,0.0,0.9838584065437317
prompt_36,0.9882729649543762,0.9946076273918152,0.0,0.9965682029724121,0.9978939294815063,0.9940460920333862,0.993270218372345,0.9903185963630676,0.9767864942550659,0.9966851472854614,0.0,0.9963072538375854,0.993828535079956,0.9764183163642883,0.9890694320201874,0.9965896606445312,0.9923492670059204,0.9944319128990173,0.0,0.9846414029598236
prompt_1,0.988681435585022,0.9471063613891602,0.0,0.0,0.9858767986297607,0.0,0.9892306923866272,0.9842666387557983,0.9669873714447021,0.0,0.0,0.0,0.0,0.0,0.0,0.0,0.9822757840156555,0.0,0.0,0.9825478196144104
prompt_73,0.0,0.0,0.0,0.0,0.0,0.0,0.0,0.0,0.0,0.0,0.0,0.0,0.9669260382652283,0.0,0.0,0.0,0.0,0.0,0.0,0.0
prompt_97,0.0,0.991241991519928,0.0,0.0,0.0,0.0,0.0,0.9759100675582886,0.0,0.0,0.0,0.0,0.0,0.0,0.0,0.0,0.0,0.0,0.0,0.0
prompt_79,0.986987829208374,0.9890061020851135,0.9976259469985962,0.9903512299060822,0.9789179563522339,0.9946138262748718,0.9880300462245941,0.9939081966876984,0.994454026222229,0.9950158298015594,0.0,0.9923794567584991,0.9869992434978485,0.990595281124115,0.9921802878379822,0.9928439259529114,0.9962077140808105,0.9921806156635284,0.0,0.9953064024448395
prompt_74,0.9815313816070557,0.9851189255714417,0.0,0.9779624938964844,0.9740113019943237,0.9815746545791626,0.9632976055145264,0.9837441444396973,0.9794877171516418,0.9730246663093567,0.0,0.9880872368812561,0.9872751832008362,0.9928745031356812,0.9892812967300415,0.9698306918144226,0.980796754360199,0.981557309627533,0.0,0.984693169593811
prompt_90,0.9852862358093262,0.9181446731090546,0.0,0.9841259717941284,0.9880263805389404,0.9597133994102478,0.9941967725753784,0.0,0.9390682578086853,0.9938901662826538,0.9958578944206238,0.9620235562324524,0.9626010656356812,0.9947013258934021,0.9703128337860107,0.9573633670806885,0.9930781126022339,0.97148597240448,0.0,0.9964785575866699
prompt_6,0.9668278098106384,0.9046887755393982,0.9247446060180664,0.9392809867858887,0.9305062592029572,0.0,0.9809725880622864,0.9499377310276031,0.0,0.8864391446113586,0.0,0.9429570436477661,0.8517605066299438,0.0,0.9245404601097107,0.9961040019989014,0.9384627938270569,0.9669194221496582,0.0,0.9850515723228455
prompt_31,0.9900498390197754,0.9934251308441162,0.0,0.986775279045105,0.9907646179199219,0.9844046235084534,0.9924498200416565,0.992179274559021,0.995063066482544,0.9920336008071899,0.9844262003898621,0.9954130053520203,0.9756343364715576,0.9867567420005798,0.0,0.991626501083374,0.9879096150398254,0.9740148782730103,0.973884642124176,0.9792620837688446
prompt_46,0.9848149716854095,0.9922824501991272,0.9983661770820618,0.9940561354160309,0.0,0.9915277063846588,0.9943210780620575,0.9920072555541992,0.9909913539886475,0.990193784236908,0.0,0.9914765954017639,0.9655133485794067,0.9891431033611298,0.9961822628974915,0.9942120015621185,0.0,0.0,0.9742879867553711,0.9967175126075745
prompt_83,0.0,0.0,0.9944195747375488,0.0,0.0,0.0,0.0,0.0,0.0,0.0,0.0,0.0,0.8861802816390991,0.0,0.0,0.9702317714691162,0.0,0.0,0.0,0.0
prompt_89,0.9959000945091248,0.9247789978981018,0.984254002571106,0.9828620553016663,0.0,0.8767666220664978,0.9968003332614899,0.9927213788032532,0.836037665605545,0.9468673169612885,0.0,0.9950902163982391,0.9922285079956055,0.0,0.9956804513931274,0.987736165523529,0.9969747066497803,0.8667919337749481,0.0,0.998047411441803
prompt_67,0.9995085597038269,0.9816699922084808,0.0,0.9080187678337097,0.8927754461765289,0.0,0.9682497084140778,0.8828088641166687,0.9927031993865967,0.982025146484375,0.0,0.8161049783229828,0.9816057682037354,0.9604490399360657,0.9988534450531006,0.9901506900787354,0.9200579524040222,0.989441990852356,0.9877686500549316,0.7933602333068848
prompt_10,0.9746147394180298,0.9754429161548615,0.9412505030632019,0.9666968882083893,0.9796208441257477,0.9719396531581879,0.9624785780906677,0.9794310331344604,0.9800972938537598,0.97098708152771,0.9924548864364624,0.9672490358352661,0.9721152484416962,0.9588679671287537,0.9491635859012604,0.9778704345226288,0.9623322486877441,0.9733303487300873,0.9959549307823181,0.9606213569641113
prompt_28,0.8047987818717957,0.9653439223766327,0.8142106235027313,0.9603782296180725,0.8884125649929047,0.9868899583816528,0.9536999464035034,0.9871000051498413,0.7980184555053711,0.9759356081485748,0.0,0.9900783896446228,0.9909849762916565,0.9828193187713623,0.9823596477508545,0.9402981102466583,0.867486298084259,0.9578177034854889,0.0,0.9875312447547913
prompt_22,0.0,0.0,0.0,0.0,0.0,0.0,0.0,0.9988206028938293,0.0,0.0,0.0,0.0,0.9979902505874634,0.0,0.0,0.0,0.0,0.0,0.0,0.0
prompt_55,0.9912432432174683,0.9803257584571838,0.9746838808059692,0.9803169369697571,0.96335369348526,0.9903878271579742,0.9706363081932068,0.9581713676452637,0.96161288022995,0.933517336845398,0.0,0.9926018118858337,0.9707541465759277,0.9811717867851257,0.9797106385231018,0.9928972721099854,0.9075555801391602,0.9697645902633667,0.0,0.9613851308822632
