prompt,layer_8,layer_6,layer_1,layer_20,layer_27,layer_12,layer_15,layer_0,layer_7,layer_9,layer_14,layer_13,layer_26,layer_21,layer_19,layer_10,layer_17,layer_22,layer_25,layer_4,layer_3,cfg,layer_24,layer_23,layer_16,layer_11,layer_18,layer_2,layer_5
prompt_4,0.0,0.0,0.9792659282684326,0.0,0.0,0.0,0.0,0.0,0.0,0.0,0.0,0.0,0.0,0.0,0.0,0.0,0.0,0.0,0.0,0.0,0.0,0.0,0.0,0.0,0.0,0.0,0.0,0.0,0.0
prompt_95,0.0,0.0,0.0,0.0,0.0,0.0,0.0,0.6971971988677979,0.0,0.0,0.0,0.9267873167991638,0.0,0.0,0.0,0.0,0.0,0.0,0.0,0.0,0.0,0.0,0.0,0.9254986643791199,0.0,0.0,0.0,0.0,0.0
prompt_71,0.9929298162460327,0.9980136156082153,0.9897562265396118,0.9988335371017456,0.0,0.9960540533065796,0.9859202206134796,0.8970139622688293,0.9948590993881226,0.9933518171310425,0.9983528256416321,0.997519850730896,0.0,0.9929765164852142,0.9946457743644714,0.9969059824943542,0.9938516020774841,0.9932312071323395,0.0,0.9975331425666809,0.9974169135093689,0.9959784150123596,0.991840273141861,0.9856944382190704,0.989503800868988,0.9890340566635132,0.9946900308132172,0.0,0.7935739159584045
prompt_49,0.9243072271347046,0.0,0.8932023048400879,0.0,0.0,0.9752227663993835,0.0,0.7839135527610779,0.0,0.0,0.0,0.0,0.0,0.0,0.0,0.0,0.0,0.0,0.0,0.0,0.9460906982421875,0.0,0.0,0.8694480061531067,0.0,0.9728069305419922,0.0,0.0,0.0
prompt_34,0.0,0.0,0.0,0.0,0.0,0.0,0.0,0.0,0.0,0.0,0.0,0.0,0.0,0.0,0.0,0.0,0.9843527674674988,0.9840388298034668,0.0,0.0,0.0,0.0,0.0,0.0,0.0,0.0,0.5658406019210815,0.0,0.0
prompt_43,0.7404935359954834,0.0,0.9225799441337585,0.0,0.0,0.8019592761993408,0.0,0.0,0.0,0.0,0.0,0.8715451657772064,0.0,0.0,0.0,0.9456295967102051,0.8664378523826599,0.7177643179893494,0.0,0.5637025833129883,0.8815581798553467,0.0,0.0,0.9778223633766174,0.0,0.734013020992279,0.8094450235366821,0.0,0.5422731637954712
prompt_62,0.0,0.0,0.9766154885292053,0.0,0.0,0.0,0.0,0.5638458728790283,0.0,0.0,0.0,0.0,0.0,0.0,0.0,0.0,0.0,0.0,0.0,0.0,0.0,0.0,0.0,0.9977409243583679,0.0,0.0,0.0,0.0,0.0
prompt_15,0.0,0.0,0.0,0.0,0.0,0.0,0.0,0.0,0.0,0.0,0.0,0.0,0.0,0.0,0.0,0.0,0.0,0.0,0.0,0.0,0.0,0.0,0.0,0.0,0.0,0.0,0.0,0.0,0.0
prompt_86,0.0,0.0,0.0,0.0,0.0,0.0,0.953346848487854,0.0,0.0,0.0,0.0,0.0,0.0,0.0,0.0,0.0,0.0,0.0,0.0,0.0,0.0,0.0,0.0,0.9478107690811157,0.0,0.0,0.9668432176113129,0.0,0.0
prompt_68,0.0,0.0,0.9561806321144104,0.8259932398796082,0.0,0.0,0.777275562286377,0.0,0.0,0.0,0.0,0.0,0.0,0.0,0.0,0.0,0.0,0.0,0.0,0.9699953198432922,0.0,0.0,0.0,0.8315544724464417,0.0,0.0,0.0,0.0,0.0
prompt_27,0.0,0.0,0.0,0.0,0.0,0.0,0.858120322227478,0.0,0.0,0.0,0.0,0.0,0.0,0.0,0.0,0.0,0.0,0.0,0.0,0.0,0.0,0.0,0.0,0.0,0.0,0.0,0.0,0.0,0.0
prompt_50,0.0,0.0,0.0,0.0,0.0,0.0,0.0,0.0,0.0,0.0,0.0,0.0,0.0,0.0,0.0,0.0,0.0,0.0,0.0,0.0,0.0,0.0,0.0,0.0,0.0,0.0,0.0,0.0,0.0
prompt_57,0.9969923794269562,0.9966111779212952,0.0,0.9976831674575806,0.0,0.9810133278369904,0.9968926310539246,0.0,0.9935758113861084,0.9925883412361145,0.9889262616634369,0.9945418238639832,0.0,0.9926511347293854,0.9974150061607361,0.9952690005302429,0.9936452507972717,0.997451901435852,0.9912311136722565,0.992590457201004,0.9942132830619812,0.9971285462379456,0.9898967742919922,0.9988144636154175,0.9942458271980286,0.9883584678173065,0.9960005283355713,0.0,0.9975002110004425
prompt_20,0.0,0.0,0.0,0.0,0.0,0.0,0.0,0.0,0.0,0.0,0.0,0.0,0.0,0.0,0.0,0.0,0.0,0.0,0.0,0.0,0.0,0.0,0.0,0.0,0.0,0.0,0.0,0.0,0.0
prompt_12,0.9540168642997742,0.0,0.0,0.9968604445457458,0.0,0.9996380805969238,0.9818170070648193,0.0,0.6237989664077759,0.8897607922554016,0.9973728060722351,0.0,0.0,0.6561535596847534,0.9912480115890503,0.0,0.9961045980453491,0.988046407699585,0.0,0.0,0.0,0.9991054534912109,0.9663292169570923,0.9989752769470215,0.0,0.5775557160377502,0.0,0.0,0.0
prompt_65,0.0,0.0,0.0,0.0,0.0,0.0,0.0,0.0,0.0,0.0,0.0,0.0,0.0,0.0,0.0,0.0,0.0,0.0,0.0,0.0,0.0,0.0,0.0,0.0,0.0,0.0,0.0,0.0,0.0
prompt_18,0.8929257988929749,0.6298587322235107,0.9833357334136963,0.9092890024185181,0.0,0.9724247455596924,0.9675764441490173,0.9811409115791321,0.9750654101371765,0.9538604021072388,0.7001690864562988,0.8880329728126526,0.0,0.9645304679870605,0.8359162211418152,0.8755567073822021,0.948358416557312,0.9809733629226685,0.0,0.0,0.5100837349891663,0.9698715806007385,0.5095075964927673,0.5898522138595581,0.0,0.7469823360443115,0.6454052329063416,0.9720681309700012,0.9472492337226868
prompt_81,0.0,0.0,0.8599525690078735,0.0,0.0,0.0,0.9737029671669006,0.5935260057449341,0.0,0.0,0.0,0.9804154634475708,0.0,0.9834817051887512,0.0,0.0,0.0,0.0,0.0,0.9535762667655945,0.8762394189834595,0.0,0.0,0.9815965294837952,0.0,0.0,0.9923189878463745,0.0,0.0
prompt_39,0.0,0.0,0.9072055816650391,0.0,0.0,0.0,0.0,0.0,0.0,0.0,0.0,0.0,0.0,0.0,0.0,0.0,0.0,0.0,0.0,0.0,0.0,0.0,0.0,0.0,0.0,0.0,0.0,0.0,0.0
prompt_44,0.0,0.0,0.0,0.8157978057861328,0.0,0.0,0.0,0.0,0.0,0.5193285942077637,0.0,0.9770690202713013,0.0,0.0,0.0,0.0,0.0,0.0,0.0,0.0,0.9866929054260254,0.5760974884033203,0.0,0.0,0.9451013207435608,0.0,0.0,0.0,0.0
prompt_33,0.0,0.0,0.0,0.0,0.0,0.0,0.0,0.0,0.0,0.0,0.0,0.0,0.0,0.0,0.0,0.0,0.0,0.0,0.0,0.0,0.8412846326828003,0.0,0.0,0.0,0.0,0.0,0.0,0.0,0.0
prompt_92,0.9102157354354858,0.0,0.9898906946182251,0.9546378254890442,0.0,0.7783307433128357,0.0,0.9766327738761902,0.0,0.0,0.0,0.9199350476264954,0.0,0.0,0.0,0.0,0.0,0.9823572635650635,0.0,0.0,0.0,0.0,0.9557363986968994,0.9718412160873413,0.0,0.9592452049255371,0.9585376381874084,0.0,0.0
prompt_98,0.9916926026344299,0.9955510497093201,0.0,0.9672804474830627,0.0,0.0,0.8725103139877319,0.0,0.9242511987686157,0.9903542995452881,0.0,0.0,0.0,0.9960029721260071,0.0,0.9748218655586243,0.9074333310127258,0.9981561303138733,0.0,0.9912967085838318,0.9966049790382385,0.9924514293670654,0.9897851943969727,0.9957800507545471,0.9910848736763,0.9246675968170166,0.8889262080192566,0.0,0.9534183740615845
prompt_76,0.0,0.0,0.0,0.0,0.0,0.0,0.0,0.6727831363677979,0.0,0.0,0.0,0.0,0.0,0.0,0.0,0.0,0.0,0.0,0.0,0.0,0.0,0.0,0.0,0.0,0.0,0.0,0.0,0.0,0.0
prompt_3,0.6670691967010498,0.963371217250824,0.0,0.7710915207862854,0.0,0.6306340098381042,0.8951812386512756,0.9951820373535156,0.8642448782920837,0.9386366605758667,0.5775301456451416,0.9270354509353638,0.0,0.8188384771347046,0.6877511739730835,0.775505006313324,0.895476222038269,0.918854296207428,0.0,0.6283319592475891,0.9952312707901001,0.7480869889259338,0.841219961643219,0.8720632791519165,0.9239249229431152,0.7874890565872192,0.6111164689064026,0.0,0.8677985668182373
prompt_9,0.9982287883758545,0.0,0.9513713717460632,0.9796515703201294,0.0,0.995567262172699,0.0,0.0,0.9986342191696167,0.9967491626739502,0.0,0.0,0.0,0.0,0.0,0.9961308836936951,0.0,0.0,0.0,0.9914920330047607,0.5344392657279968,0.9912866950035095,0.0,0.0,0.0,0.995699405670166,0.9870655536651611,0.0,0.0
prompt_72,0.0,0.0,0.0,0.0,0.0,0.0,0.0,0.0,0.0,0.0,0.0,0.0,0.0,0.0,0.0,0.0,0.0,0.0,0.0,0.0,0.0,0.0,0.0,0.0,0.0,0.0,0.0,0.0,0.0
prompt_78,0.0,0.0,0.6667876243591309,0.0,0.0,0.0,0.0,0.0,0.0,0.0,0.0,0.0,0.0,0.0,0.0,0.0,0.0,0.0,0.0,0.0,0.0,0.0,0.0,0.0,0.0,0.0,0.0,0.0,0.0
prompt_96,0.0,0.0,0.0,0.0,0.0,0.0,0.0,0.0,0.0,0.0,0.0,0.0,0.0,0.0,0.0,0.0,0.0,0.0,0.0,0.0,0.0,0.0,0.0,0.0,0.0,0.0,0.0,0.0,0.0
prompt_7,0.0,0.0,0.0,0.0,0.0,0.0,0.0,0.0,0.0,0.0,0.0,0.0,0.0,0.0,0.0,0.0,0.0,0.0,0.0,0.0,0.9962451457977295,0.0,0.0,0.0,0.0,0.0,0.0,0.0,0.0
prompt_40,0.0,0.0,0.0,0.0,0.0,0.0,0.0,0.0,0.0,0.0,0.0,0.0,0.0,0.0,0.0,0.0,0.0,0.0,0.0,0.0,0.0,0.0,0.0,0.0,0.0,0.0,0.0,0.0,0.0
prompt_37,0.932212233543396,0.0,0.0,0.0,0.0,0.9200096726417542,0.0,0.0,0.9956010580062866,0.0,0.8513733148574829,0.9992991089820862,0.0,0.9945854544639587,0.0,0.0,0.0,0.9877278804779053,0.0,0.0,0.876709908246994,0.0,0.0,0.9939322769641876,0.6806432008743286,0.9213423728942871,0.0,0.0,0.0
prompt_85,0.9057700335979462,0.0,0.8756097555160522,0.9859848022460938,0.0,0.7324165105819702,0.9730191230773926,0.0,0.991093099117279,0.8901733160018921,0.0,0.7399354875087738,0.0,0.9357179701328278,0.0,0.9785190522670746,0.9790751338005066,0.9976518750190735,0.0,0.9892642498016357,0.9933109283447266,0.0,0.9899734854698181,0.9995336532592773,0.9883013963699341,0.0,0.9911206364631653,0.0,0.9423686861991882
prompt_16,0.9684829115867615,0.9977605938911438,0.7857471704483032,0.0,0.0,0.9902862906455994,0.9879559874534607,0.8650010526180267,0.9899134635925293,0.9873596429824829,0.9890164732933044,0.0,0.0,0.9944121837615967,0.0,0.9626376628875732,0.0,0.9703972339630127,0.0,0.9624775648117065,0.0,0.0,0.9895564317703247,0.9903539419174194,0.9926374554634094,0.9799582958221436,0.0,0.0,0.9921503067016602
prompt_61,0.9519619941711426,0.840955913066864,0.9171248078346252,0.8558178544044495,0.0,0.9871149063110352,0.9448003172874451,0.6204067468643188,0.0,0.0,0.9869706630706787,0.989116907119751,0.0,0.9547904133796692,0.9710518717765808,0.978005051612854,0.9617463946342468,0.0,0.0,0.684368371963501,0.9236990213394165,0.9829431772232056,0.9834542274475098,0.9021839499473572,0.9354752898216248,0.9394034147262573,0.9810032844543457,0.0,0.978602409362793
prompt_59,0.9745786190032959,0.9917040467262268,0.0,0.0,0.0,0.97507643699646,0.9966751337051392,0.0,0.0,0.9897361397743225,0.8159505128860474,0.9222108721733093,0.0,0.0,0.9825074076652527,0.995097815990448,0.0,0.9887587428092957,0.0,0.9841492176055908,0.9024890661239624,0.0,0.0,0.0,0.0,0.986830472946167,0.9094551801681519,0.0,0.7875231504440308
prompt_53,0.0,0.0,0.0,0.0,0.0,0.0,0.0,0.0,0.0,0.0,0.0,0.0,0.0,0.0,0.0,0.0,0.0,0.0,0.0,0.0,0.0,0.0,0.0,0.0,0.0,0.0,0.0,0.0,0.0
prompt_24,0.0,0.0,0.8938276171684265,0.0,0.0,0.0,0.0,0.0,0.0,0.0,0.0,0.0,0.0,0.0,0.0,0.0,0.0,0.0,0.0,0.0,0.9230244159698486,0.0,0.0,0.0,0.0,0.0,0.0,0.0,0.0
prompt_29,0.9373707175254822,0.9888041615486145,0.0,0.9901629686355591,0.0,0.9770669639110565,0.9971204102039337,0.0,0.9938167333602905,0.0,0.0,0.9911180138587952,0.0,0.984359085559845,0.9933499991893768,0.994418203830719,0.9895352125167847,0.9896694421768188,0.0,0.9703487753868103,0.9971244931221008,0.9880475997924805,0.9401355683803558,0.9903578162193298,0.9905406832695007,0.7905874848365784,0.9652208089828491,0.0,0.9930673837661743
prompt_23,0.9840794801712036,0.9903935492038727,0.0,0.864499032497406,0.0,0.8859120309352875,0.9929659366607666,0.0,0.9754839241504669,0.9890893697738647,0.9567524492740631,0.9881448745727539,0.0,0.9817875623703003,0.9921524822711945,0.9883559942245483,0.9727912247180939,0.9836048781871796,0.9960519671440125,0.9868043959140778,0.986374169588089,0.9607214033603668,0.9926171004772186,0.9933150410652161,0.9171463251113892,0.8884634971618652,0.9866559207439423,0.0,0.9935323894023895
prompt_54,0.0,0.987535297870636,0.0,0.0,0.0,0.0,0.0,0.0,0.9828001260757446,0.0,0.0,0.0,0.0,0.0,0.0,0.0,0.9964392185211182,0.0,0.0,0.0,0.8540851473808289,0.0,0.0,0.0,0.0,0.0,0.0,0.0,0.9616107940673828
prompt_82,0.0,0.0,0.0,0.0,0.0,0.0,0.0,0.0,0.0,0.0,0.0,0.0,0.0,0.0,0.7227563261985779,0.0,0.0,0.0,0.0,0.0,0.0,0.0,0.0,0.0,0.0,0.0,0.0,0.0,0.0
prompt_66,0.9905040860176086,0.0,0.0,0.9882416725158691,0.0,0.9662859439849854,0.9832920730113983,0.0,0.9782483279705048,0.9470218420028687,0.9920797944068909,0.9945950210094452,0.0,0.989626407623291,0.982434093952179,0.9590460658073425,0.0,0.0,0.0,0.8509243130683899,0.8080490529537201,0.9912650883197784,0.98440220952034,0.9716135263442993,0.9907188713550568,0.9987598061561584,0.9902333915233612,0.0,0.9861040711402893
prompt_11,0.8681001663208008,0.9888677000999451,0.969651997089386,0.0,0.0,0.9099953174591064,0.0,0.0,0.0,0.920731246471405,0.9827308654785156,0.9546543955802917,0.0,0.0,0.0,0.9769089818000793,0.0,0.7670243978500366,0.0,0.9823293089866638,0.8660455942153931,0.0,0.9505528211593628,0.0,0.0,0.9888811111450195,0.0,0.0,0.866065502166748
prompt_88,0.0,0.0,0.7897641658782959,0.0,0.0,0.6407520174980164,0.0,0.0,0.0,0.0,0.7600708603858948,0.0,0.0,0.0,0.0,0.0,0.0,0.7715720534324646,0.0,0.9918960928916931,0.0,0.0,0.0,0.0,0.0,0.0,0.9831757545471191,0.0,0.0
prompt_30,0.9976263642311096,0.0,0.0,0.9993747472763062,0.0,0.0,0.0,0.0,0.9820988774299622,0.0,0.0,0.0,0.0,0.0,0.0,0.0,0.8568422198295593,0.6002330780029297,0.0,0.0,0.9949409365653992,0.0,0.0,0.0,0.0,0.0,0.0,0.0,0.0
prompt_47,0.9829926490783691,0.0,0.6509547233581543,0.0,0.0,0.9100474715232849,0.0,0.0,0.0,0.0,0.0,0.9819274544715881,0.0,0.9777329564094543,0.0,0.0,0.7607458829879761,0.0,0.0,0.9855896830558777,0.0,0.7845265865325928,0.8728275299072266,0.0,0.0,0.0,0.0,0.0,0.0
prompt_0,0.0,0.0,0.0,0.0,0.0,0.0,0.0,0.0,0.0,0.0,0.0,0.0,0.0,0.0,0.0,0.0,0.0,0.0,0.0,0.0,0.0,0.0,0.0,0.0,0.0,0.0,0.0,0.0,0.0
prompt_75,0.975170373916626,0.9157450199127197,0.9462968707084656,0.9866279065608978,0.0,0.9981282353401184,0.9829953014850616,0.0,0.9239131808280945,0.8671152889728546,0.9989352822303772,0.9410475194454193,0.0,0.9792099297046661,0.940934956073761,0.9427225589752197,0.9172537326812744,0.8317517042160034,0.0,0.9987879991531372,0.990058422088623,0.9536901414394379,0.9554208517074585,0.9992637634277344,0.9996738433837891,0.8733184039592743,0.953841358423233,0.0,0.8687856495380402
prompt_91,0.0,0.0,0.0,0.0,0.0,0.0,0.0,0.0,0.0,0.0,0.0,0.0,0.0,0.0,0.0,0.0,0.0,0.0,0.0,0.0,0.0,0.0,0.0,0.0,0.0,0.0,0.0,0.0,0.0
prompt_32,0.0,0.0,0.0,0.0,0.0,0.0,0.0,0.0,0.0,0.0,0.0,0.0,0.0,0.0,0.0,0.0,0.0,0.0,0.0,0.0,0.9237480163574219,0.0,0.0,0.9487088322639465,0.0,0.0,0.9922537207603455,0.0,0.0
prompt_45,0.9847277998924255,0.9953802227973938,0.9504327178001404,0.9963435530662537,0.0,0.9851334095001221,0.9969758987426758,0.9920973777770996,0.9972742795944214,0.9928925633430481,0.9981086254119873,0.9953600764274597,0.0,0.9959951639175415,0.9905472695827484,0.9894134402275085,0.9974952340126038,0.9931265115737915,0.0,0.9714791178703308,0.9961766302585602,0.9969727396965027,0.9979313611984253,0.9935059249401093,0.9958041310310364,0.9948163032531738,0.9959458708763123,0.0,0.9983564615249634
prompt_38,0.0,0.0,0.9009587168693542,0.0,0.0,0.0,0.0,0.7831876873970032,0.0,0.0,0.0,0.0,0.0,0.0,0.0,0.0,0.0,0.0,0.0,0.0,0.0,0.0,0.0,0.9656752943992615,0.0,0.0,0.0,0.0,0.0
prompt_99,0.0,0.0,0.9921099543571472,0.0,0.0,0.0,0.0,0.0,0.9864785671234131,0.0,0.0,0.0,0.0,0.0,0.0,0.0,0.0,0.8148767948150635,0.0,0.0,0.9909319877624512,0.0,0.0,0.9879515171051025,0.0,0.0,0.0,0.0,0.0
prompt_77,0.0,0.0,0.6568138599395752,0.0,0.0,0.0,0.0,0.9323713183403015,0.0,0.0,0.0,0.0,0.0,0.0,0.0,0.0,0.0,0.0,0.0,0.0,0.9753990173339844,0.0,0.0,0.0,0.0,0.0,0.0,0.0,0.0
prompt_93,0.0,0.0,0.0,0.0,0.0,0.0,0.0,0.0,0.0,0.0,0.0,0.0,0.0,0.0,0.0,0.0,0.0,0.0,0.0,0.0,0.0,0.0,0.0,0.0,0.0,0.0,0.0,0.0,0.0
prompt_8,0.930474191904068,0.0,0.0,0.0,0.0,0.0,0.0,0.0,0.0,0.8917527794837952,0.0,0.0,0.0,0.0,0.0,0.0,0.0,0.9524409770965576,0.0,0.0,0.0,0.0,0.0,0.0,0.9838715195655823,0.0,0.0,0.0,0.9907580614089966
prompt_2,0.9969167113304138,0.0,0.0,0.9974687099456787,0.0,0.9966423511505127,0.99806809425354,0.0,0.9942629933357239,0.0,0.0,0.9770878553390503,0.0,0.994296669960022,0.0,0.996735692024231,0.0,0.977554202079773,0.0,0.9995033740997314,0.9521768093109131,0.0,0.8708515763282776,0.9635915756225586,0.9709942936897278,0.0,0.0,0.0,0.996215283870697
prompt_21,0.0,0.9650896787643433,0.0,0.9991629123687744,0.0,0.9904971122741699,0.0,0.0,0.0,0.0,0.0,0.0,0.0,0.9951980113983154,0.9727668762207031,0.9920186996459961,0.0,0.0,0.9978853464126587,0.0,0.9930359721183777,0.9868313670158386,0.9805512428283691,0.0,0.0,0.0,0.8996672034263611,0.0,0.0
prompt_56,0.0,0.9916847348213196,0.0,0.0,0.0,0.0,0.0,0.9603747725486755,0.0,0.0,0.0,0.0,0.0,0.0,0.0,0.0,0.0,0.0,0.0,0.0,0.0,0.0,0.0,0.9963418841362,0.0,0.0,0.9937140941619873,0.0,0.0
prompt_19,0.9875777363777161,0.9931505918502808,0.0,0.9487925469875336,0.0,0.9988554120063782,0.0,0.0,0.9345286190509796,0.9850123524665833,0.9832350313663483,0.9931949377059937,0.0,0.9853017628192902,0.9943139553070068,0.99258953332901,0.9850200116634369,0.993121862411499,0.9837416410446167,0.9885451197624207,0.9898485839366913,0.9919383525848389,0.987005889415741,0.9926815032958984,0.994407057762146,0.9914555549621582,0.9916382431983948,0.0,0.993649959564209
prompt_80,0.9960476160049438,0.9936951398849487,0.0,0.8359646797180176,0.0,0.9986782371997833,0.9706628918647766,0.0,0.9957273602485657,0.9992195963859558,0.9903673231601715,0.9933785200119019,0.0,0.9943600594997406,0.9437493681907654,0.0,0.9913244545459747,0.9446788430213928,0.0,0.9917027950286865,0.9887058138847351,0.9567663669586182,0.9892517626285553,0.9919393658638,0.978516697883606,0.9829278886318207,0.9986355304718018,0.0,0.9987769722938538
prompt_64,0.0,0.0,0.0,0.0,0.0,0.0,0.0,0.0,0.0,0.0,0.0,0.0,0.0,0.0,0.0,0.0,0.0,0.0,0.0,0.0,0.97115758061409,0.0,0.0,0.9318863749504089,0.0,0.0,0.0,0.0,0.887274980545044
prompt_13,0.0,0.0,0.9160966873168945,0.0,0.0,0.0,0.0,0.8993109464645386,0.0,0.0,0.0,0.0,0.0,0.0,0.0,0.0,0.0,0.0,0.0,0.0,0.0,0.0,0.0,0.0,0.0,0.0,0.0,0.0,0.0
prompt_87,0.0,0.0,0.0,0.8898166418075562,0.0,0.7531791925430298,0.0,0.0,0.0,0.0,0.0,0.0,0.0,0.9896578788757324,0.0,0.8192936778068542,0.0,0.9352355003356934,0.0,0.0,0.0,0.0,0.0,0.9934788346290588,0.0,0.991096019744873,0.0,0.0,0.9744146466255188
prompt_69,0.0,0.0,0.0,0.0,0.0,0.0,0.0,0.0,0.0,0.0,0.0,0.0,0.0,0.0,0.0,0.0,0.0,0.0,0.0,0.0,0.0,0.0,0.0,0.0,0.9740800261497498,0.0,0.0,0.0,0.0
prompt_14,0.936328113079071,0.9753158688545227,0.8144496083259583,0.0,0.0,0.7152681350708008,0.885560154914856,0.0,0.9067268371582031,0.8050200343132019,0.9052146673202515,0.8925102949142456,0.0,0.0,0.8732526302337646,0.790868878364563,0.0,0.0,0.0,0.849408745765686,0.0,0.9579615592956543,0.0,0.7118666172027588,0.928024172782898,0.7845995426177979,0.7273876070976257,0.0,0.5551875829696655
prompt_63,0.0,0.0,0.0,0.0,0.0,0.0,0.9951894283294678,0.9684430360794067,0.0,0.0,0.0,0.0,0.0,0.9204903244972229,0.0,0.0,0.0,0.9716150164604187,0.0,0.0,0.0,0.0,0.0,0.0,0.0,0.0,0.9477858543395996,0.0,0.0
prompt_51,0.0,0.0,0.0,0.0,0.0,0.0,0.0,0.0,0.0,0.0,0.0,0.0,0.0,0.0,0.0,0.0,0.0,0.0,0.0,0.0,0.9652021527290344,0.0,0.0,0.0,0.0,0.9957441091537476,0.9368864893913269,0.0,0.7696281671524048
prompt_26,0.9955601990222931,0.9840759634971619,0.9806797802448273,0.997695803642273,0.0,0.9943014085292816,0.9941744208335876,0.0,0.9822818040847778,0.9940244853496552,0.9938808083534241,0.9957057535648346,0.0,0.9921783208847046,0.9930105805397034,0.9926817417144775,0.9964592754840851,0.8967481255531311,0.0,0.9692704677581787,0.9895007312297821,0.9958686828613281,0.9826790690422058,0.9926204681396484,0.9924565255641937,0.9944834411144257,0.9959847927093506,0.0,0.9702375829219818
prompt_5,0.0,0.7925106883049011,0.9086897373199463,0.8446641564369202,0.0,0.0,0.0,0.8142584562301636,0.0,0.0,0.0,0.0,0.0,0.0,0.0,0.0,0.9410331845283508,0.0,0.0,0.0,0.8856675624847412,0.0,0.0,0.0,0.0,0.0,0.0,0.9779212474822998,0.0
prompt_70,0.9737966656684875,0.9128336310386658,0.0,0.9215222597122192,0.0,0.0,0.0,0.0,0.0,0.9846620559692383,0.997466504573822,0.0,0.0,0.9567072987556458,0.9797830581665039,0.0,0.910295844078064,0.998348593711853,0.9879196286201477,0.9833464026451111,0.0,0.9844250082969666,0.9852755069732666,0.9819956421852112,0.9951069951057434,0.9893054962158203,0.9983094930648804,0.0,0.9936946630477905
prompt_94,0.989655077457428,0.8110724687576294,0.0,0.8729489147663116,0.0,0.0,0.0,0.0,0.0,0.0,0.0,0.8312074542045593,0.0,0.0,0.0,0.0,0.9293515682220459,0.8455818891525269,0.0,0.0,0.0,0.0,0.0,0.9829727411270142,0.0,0.0,0.0,0.0,0.0
prompt_42,0.9944549202919006,0.9937247633934021,0.0,0.9901755452156067,0.0,0.9943445026874542,0.9953299760818481,0.0,0.9816010594367981,0.9964399337768555,0.9928217530250549,0.0,0.0,0.9880923628807068,0.9936790466308594,0.9940921366214752,0.9855378270149231,0.970668375492096,0.0,0.9946504235267639,0.9536397457122803,0.9925111532211304,0.9921848177909851,0.9978231191635132,0.9912213087081909,0.9958555102348328,0.9960206747055054,0.0,0.9953041970729828
prompt_35,0.0,0.0,0.0,0.0,0.0,0.0,0.0,0.0,0.9778701066970825,0.0,0.8920978903770447,0.0,0.0,0.0,0.0,0.0,0.0,0.0,0.0,0.0,0.0,0.0,0.0,0.990415632724762,0.0,0.0,0.0,0.0,0.0
prompt_48,0.0,0.0,0.0,0.0,0.0,0.0,0.0,0.0,0.0,0.0,0.0,0.0,0.0,0.9689981937408447,0.9452348351478577,0.0,0.0,0.0,0.0,0.0,0.0,0.0,0.0,0.0,0.0,0.0,0.0,0.0,0.0
prompt_46,0.0,0.9986243844032288,0.0,0.0,0.0,0.9515456557273865,0.9764903783798218,0.0,0.0,0.0,0.0,0.0,0.0,0.0,0.9760806560516357,0.9952784776687622,0.9986364841461182,0.0,0.0,0.0,0.9753459692001343,0.0,0.9971368908882141,0.0,0.9899437129497528,0.0,0.0,0.0,0.7609708309173584
prompt_31,0.0,0.0,0.6429063081741333,0.0,0.0,0.0,0.0,0.9331579208374023,0.0,0.0,0.0,0.0,0.0,0.0,0.0,0.0,0.0,0.0,0.0,0.0,0.0,0.0,0.0,0.0,0.0,0.0,0.0,0.0,0.0
prompt_1,0.9857415556907654,0.9858143925666809,0.625136137008667,0.9784228205680847,0.0,0.0,0.8756737112998962,0.0,0.0,0.0,0.0,0.9486152529716492,0.0,0.0,0.8186733722686768,0.0,0.0,0.950006902217865,0.0,0.0,0.9729908108711243,0.0,0.0,0.8368498086929321,0.0,0.0,0.6144073009490967,0.0,0.994359016418457
prompt_90,0.0,0.9988727569580078,0.0,0.0,0.0,0.0,0.0,0.0,0.0,0.9938529133796692,0.0,0.0,0.0,0.0,0.0,0.0,0.0,0.0,0.0,0.9960808157920837,0.0,0.0,0.0,0.0,0.9871826171875,0.0,0.0,0.0,0.9953785538673401
prompt_74,0.9747133553028107,0.9903053045272827,0.0,0.9776740670204163,0.0,0.9777679741382599,0.9949341416358948,0.0,0.9942601919174194,0.9912143647670746,0.9610632658004761,0.9552055299282074,0.0,0.9857421219348907,0.9860202670097351,0.9854539334774017,0.9712089896202087,0.9769906103610992,0.96989905834198,0.9777341783046722,0.9975563287734985,0.9890276789665222,0.9951907992362976,0.9823893010616302,0.9738119542598724,0.9903307557106018,0.991089940071106,0.0,0.9867714643478394
prompt_55,0.8769122958183289,0.9850394129753113,0.8528254330158234,0.9965184330940247,0.0,0.9822805523872375,0.9897043108940125,0.9397768378257751,0.0,0.7379060983657837,0.9796535968780518,0.9878273010253906,0.0,0.9837124943733215,0.9806108474731445,0.8953079879283905,0.9435319900512695,0.8191608190536499,0.0,0.9860786199569702,0.9574791491031647,0.9653017222881317,0.9754668176174164,0.9520731866359711,0.700776219367981,0.9607293009757996,0.980810821056366,0.0,0.9630081057548523
prompt_22,0.9969862401485443,0.9937252700328827,0.0,0.9956567883491516,0.0,0.9949387311935425,0.9951848685741425,0.9384342432022095,0.9956713616847992,0.9922906458377838,0.9957002401351929,0.9959216117858887,0.0,0.9958112239837646,0.9966045618057251,0.9940895438194275,0.9316065609455109,0.9652068018913269,0.0,0.9951044321060181,0.9954348802566528,0.9638444483280182,0.997277557849884,0.9676201939582825,0.9967202842235565,0.9978057444095612,0.9941789507865906,0.0,0.9953540563583374
prompt_28,0.9557997286319733,0.9889878034591675,0.0,0.9244257211685181,0.0,0.9155448079109192,0.9520762860774994,0.0,0.9482620656490326,0.9443454444408417,0.9683561623096466,0.9642069935798645,0.0,0.9901122748851776,0.9585936963558197,0.9667647778987885,0.9695720076560974,0.6962641775608063,0.9872328042984009,0.9463466703891754,0.8953613042831421,0.9697898030281067,0.959402322769165,0.9042918086051941,0.9731867611408234,0.9605195820331573,0.8979015946388245,0.0,0.8953425288200378
prompt_10,0.8019274175167084,0.896818995475769,0.0,0.0,0.0,0.9803435802459717,0.90743488073349,0.0,0.9256479442119598,0.9469565749168396,0.9806325137615204,0.8159787356853485,0.0,0.9657001197338104,0.9871540367603302,0.889843612909317,0.9386443495750427,0.8676211833953857,0.0,0.9714941382408142,0.9975633025169373,0.9533898532390594,0.7428778111934662,0.9890069961547852,0.9886240661144257,0.944300502538681,0.9182541370391846,0.0,0.9836198687553406
prompt_67,0.9954239130020142,0.9975339770317078,0.0,0.9686386585235596,0.0,0.0,0.9951693415641785,0.0,0.9925253987312317,0.9805609583854675,0.0,0.9195020794868469,0.0,0.9508854150772095,0.9926108717918396,0.9702271819114685,0.0,0.9949551224708557,0.0,0.9871840476989746,0.9843666851520538,0.9670224785804749,0.9895139932632446,0.9491163492202759,0.9539940357208252,0.9930030703544617,0.9955660998821259,0.0,0.990708202123642
prompt_89,0.9498549103736877,0.0,0.934731662273407,0.9085543155670166,0.0,0.9677515029907227,0.0,0.0,0.0,0.0,0.0,0.9870801568031311,0.0,0.9182896614074707,0.0,0.9420497417449951,0.0,0.923496425151825,0.0,0.0,0.9516604542732239,0.0,0.0,0.9001927971839905,0.0,0.0,0.9387478828430176,0.0,0.0
prompt_83,0.995204508304596,0.0,0.0,0.0,0.0,0.0,0.9808586239814758,0.0,0.9771092534065247,0.0,0.0,0.0,0.0,0.9715224504470825,0.0,0.0,0.9979916214942932,0.9905174970626831,0.9658533334732056,0.0,0.9885171353816986,0.0,0.0,0.0,0.9959661960601807,0.9962185025215149,0.0,0.0,0.9614759683609009
prompt_60,0.0,0.9848409295082092,0.0,0.0,0.0,0.0,0.0,0.0,0.0,0.0,0.0,0.0,0.0,0.0,0.0,0.0,0.0,0.9915928244590759,0.0,0.0,0.0,0.0,0.0,0.0,0.0,0.0,0.0,0.0,0.0
prompt_17,0.9714447855949402,0.7935765385627747,0.7645787000656128,0.9124781489372253,0.0,0.9473896026611328,0.969045877456665,0.9894314408302307,0.9883370995521545,0.9700742959976196,0.9776281118392944,0.9853426814079285,0.0,0.9574264287948608,0.6080017685890198,0.9820278882980347,0.9704893827438354,0.9643069505691528,0.0,0.9890583157539368,0.9122985601425171,0.9730873107910156,0.9350407123565674,0.9510940313339233,0.9379210472106934,0.983931303024292,0.905173659324646,0.0,0.8232277631759644
prompt_84,0.9964777827262878,0.9981593191623688,0.0,0.9914957880973816,0.0,0.9971446394920349,0.997004508972168,0.0,0.9977959394454956,0.992203950881958,0.9967579245567322,0.9940636157989502,0.0,0.0,0.9968570172786713,0.9956008195877075,0.9963181614875793,0.9901642799377441,0.0,0.9970112442970276,0.0,0.0,0.9672030806541443,0.9953601062297821,0.9953651428222656,0.9974128007888794,0.9964883923530579,0.0,0.9911516904830933
prompt_25,0.0,0.0,0.0,0.0,0.0,0.0,0.0,0.0,0.0,0.0,0.0,0.0,0.0,0.0,0.0,0.0,0.0,0.0,0.0,0.0,0.0,0.0,0.0,0.0,0.0,0.0,0.0,0.0,0.0
prompt_52,0.0,0.0,0.0,0.9427490830421448,0.0,0.7401479482650757,0.8295673727989197,0.700623631477356,0.6104415655136108,0.0,0.9798688888549805,0.983266294002533,0.0,0.8914406895637512,0.0,0.0,0.9834358096122742,0.0,0.0,0.0,0.9626582264900208,0.8655815124511719,0.9347071051597595,0.0,0.8462756872177124,0.9294490218162537,0.9217945337295532,0.0,0.9504227638244629
prompt_58,0.98285773396492,0.9351150691509247,0.0,0.9964410066604614,0.0,0.9798518419265747,0.9938319027423859,0.0,0.9954093098640442,0.9898275434970856,0.993794858455658,0.993928462266922,0.0,0.9954765141010284,0.9922021627426147,0.9860709309577942,0.9949250519275665,0.0,0.0,0.8976695239543915,0.9981551766395569,0.9938047528266907,0.9201920032501221,0.9905999302864075,0.9940145015716553,0.9947213530540466,0.9881236553192139,0.0,0.9893324077129364
prompt_79,0.0,0.0,0.0,0.0,0.0,0.0,0.0,0.0,0.0,0.0,0.0,0.0,0.0,0.0,0.0,0.0,0.0,0.995455801486969,0.0,0.0,0.0,0.0,0.0,0.0,0.0,0.0,0.0,0.0,0.0
prompt_97,0.7467643022537231,0.7172799110412598,0.9944104552268982,0.9201568961143494,0.0,0.8032050132751465,0.7508270740509033,0.0,0.815959095954895,0.8173544406890869,0.8247267603874207,0.7187143564224243,0.0,0.8836185932159424,0.7977060079574585,0.8860375285148621,0.9210083484649658,0.9281780123710632,0.5537230968475342,0.761183500289917,0.9216225743293762,0.9289830923080444,0.9255576729774475,0.8510105013847351,0.7898545861244202,0.7748571038246155,0.6347939968109131,0.0,0.9188228845596313
prompt_73,0.9553942680358887,0.0,0.9981706142425537,0.9914860129356384,0.0,0.0,0.959126889705658,0.0,0.9729978442192078,0.0,0.0,0.9960857033729553,0.0,0.0,0.0,0.9897512197494507,0.9189399480819702,0.0,0.0,0.0,0.9935182332992554,0.8198839426040649,0.9970155358314514,0.8888126015663147,0.0,0.993190348148346,0.9912132024765015,0.0,0.0
prompt_6,0.9983384609222412,0.9968854784965515,0.0,0.9991582632064819,0.0,0.985876202583313,0.9972132444381714,0.0,0.9949795603752136,0.9708996415138245,0.0,0.992810845375061,0.0,0.9971544742584229,0.9955275654792786,0.9957423508167267,0.0,0.0,0.9946803748607635,0.0,0.0,0.0,0.0,0.0,0.9979568719863892,0.0,0.9972357749938965,0.0,0.0
prompt_36,0.9778692722320557,0.9979828596115112,0.9918797612190247,0.0,0.0,0.9980486035346985,0.0,0.0,0.9968770146369934,0.0,0.0,0.0,0.0,0.0,0.9390116333961487,0.9872299432754517,0.0,0.0,0.0,0.7171571254730225,0.999056875705719,0.0,0.0,0.0,0.0,0.9947739243507385,0.9915239214897156,0.0,0.9938517808914185
prompt_41,0.0,0.0,0.0,0.0,0.0,0.0,0.0,0.0,0.0,0.0,0.0,0.0,0.0,0.0,0.0,0.0,0.0,0.0,0.0,0.0,0.9582632184028625,0.0,0.0,0.0,0.0,0.0,0.0,0.0,0.0
