prompt,layer_3,layer_24,layer_23,layer_4,layer_16,layer_11,layer_18,cfg,layer_19,layer_10,layer_17,layer_22,layer_5,layer_2,layer_25,layer_14,layer_13,layer_1,layer_26,layer_21,layer_6,layer_8,layer_9,layer_20,layer_7,layer_0,layer_27,layer_12,layer_15
a gym towel with 'Fitness Club' on it,0.0,0.2222222222222222,0.23529411764705882,0.23529411764705882,0.2222222222222222,0.2222222222222222,0.25,0.2222222222222222,0.23529411764705882,0.2608695652173913,0.2,0.13333333333333333,0.14814814814814814,0.0,0.07407407407407407,0.23076923076923078,0.14285714285714285,0.0,0.125,0.11764705882352941,0.23529411764705882,0.2,0.08695652173913043,0.16,0.2857142857142857,0.0,0.2,0.27586206896551724,0.2222222222222222
a trophy engraved with 'First Place',0.0,0.0,0.0,0.0,0.0,0.0,0.0,0.0,0.0,0.0,0.0,0.0,0.0,0.0,0.0,0.0,0.0,0.0,0.0,0.0,0.0,0.0,0.0,0.0,0.0,0.15384615384615385,0.0,0.0,0.0
a luggage tag that says 'Vacation Bound',0.32432432432432434,0.15384615384615385,0.25,0.17391304347826086,0.2962962962962963,0.3018867924528302,0.09523809523809523,0.2,0.1935483870967742,0.17647058823529413,0.2857142857142857,0.13953488372093023,0.3333333333333333,0.0,0.24489795918367346,0.35714285714285715,0.34782608695652173,0.0,0.0,0.24390243902439024,0.09523809523809523,0.15789473684210525,0.16,0.3333333333333333,0.15384615384615385,0.0,0.0,0.15789473684210525,0.16
a menu board outside a small street café displaying the phrase 'fresh soup today',0.032432432432432434,0.11594202898550725,0.24390243902439024,0.21052631578947367,0.10526315789473684,0.09302325581395349,0.07453416149068323,0.10416666666666667,0.10891089108910891,0.024691358024691357,0.09937888198757763,0.09803921568627451,0.08092485549132948,0.0,0.10606060606060606,0.08333333333333333,0.10695187165775401,0.0,0.0,0.06666666666666667,0.22641509433962265,0.12903225806451613,0.10582010582010581,0.07368421052631578,0.14893617021276595,0.0,0.0,0.044444444444444446,0.05925925925925926
a brown cardboard box on a tiled floor with a label that says 'books',0.11764705882352941,0.15384615384615385,0.0,0.3076923076923077,0.25,0.09090909090909091,0.0,0.0,0.0,0.125,0.0,0.0,0.0,0.0,0.0,0.1,0.18181818181818182,0.0,0.0,0.25,0.0,0.0,0.0,0.125,0.0,0.0,0.0,0.0,0.0
a manual reading 'User Guide',0.0,0.0,0.0,0.0,0.016203703703703703,0.03368421052631579,0.0,0.018867924528301886,0.0,0.031055900621118012,0.0111731843575419,0.0,0.0,0.0,0.0,0.043859649122807015,0.03460207612456748,0.0,0.0,0.03294117647058824,0.0,0.016632016632016633,0.04081632653061224,0.02511773940345369,0.0,0.0,0.0,0.019543973941368076,0.13333333333333333
a prescription labeled 'Take twice daily',0.0,0.021897810218978103,0.0,0.1258741258741259,0.05263157894736842,0.036605657237936774,0.035830618892508145,0.04819277108433735,0.034375,0.0502283105022831,0.03678929765886288,0.0379746835443038,0.037037037037037035,0.0,0.0,0.03,0.04173354735152488,0.0,0.0,0.027510316368638238,0.03910614525139665,0.052845528455284556,0.03935599284436494,0.023668639053254437,0.036418816388467376,0.0,0.0,0.0374414976599064,0.041379310344827586
a pencil case with 'Art Supplies' written on it,0.0,0.0,0.0,0.0,0.0,0.0,0.0,0.0,0.0,0.0,0.0,0.0,0.0,0.0,0.0,0.0,0.0,0.0,0.0,0.15384615384615385,0.0,0.0,0.0,0.0,0.0,0.0,0.0,0.0,0.0
a laptop sticker that says 'Code Life',0.0,0.0,0.0,0.0,0.0,0.0,0.18181818181818182,0.0,0.0,0.0,0.0,0.0,0.0,0.0,0.2777777777777778,0.0,0.0,0.0,0.0,0.0,0.0,0.0,0.14285714285714285,0.0,0.0,0.0,0.4,0.15384615384615385,0.0
a backpack with 'School Pride' written on it,0.0,0.38461538461538464,0.0,0.0,0.0,0.0,0.0,0.0,0.0,0.0,0.13333333333333333,0.0,0.32,0.0,0.125,0.0,0.0,0.0,0.0,0.0,0.0,0.0,0.0,0.0,0.10526315789473684,0.0,0.0,0.0,0.0
a bumper sticker reading 'Road Trip',0.25,0.0,0.0,0.0,0.11764705882352941,0.0,0.0,0.125,0.0,0.10526315789473684,0.2608695652173913,0.15384615384615385,0.0,0.0,0.09523809523809523,0.0,0.18181818181818182,0.0,0.0,0.14285714285714285,0.0,0.13333333333333333,0.15384615384615385,0.125,0.0,0.0,0.0,0.35294117647058826,0.0
a certificate reading 'Certificate of Achievement',0.06732673267326733,0.3235294117647059,0.1702127659574468,0.04819277108433735,0.02972972972972973,0.044182621502209134,0.17094017094017094,0.05621301775147929,0.10526315789473684,0.03636363636363636,0.05006954102920723,0.0,0.021686746987951807,0.0,0.16666666666666666,0.029493087557603687,0.04914004914004914,0.0,0.0,0.0947867298578199,0.13793103448275862,0.03592814371257485,0.037641154328732745,0.08089887640449438,0.06701940035273368,0.0,0.0,0.06042296072507553,0.03805496828752643
a child building a sandcastle on the beach next to a plastic bucket with the word 'castle kit',0.0,0.0,0.16666666666666666,0.0,0.0,0.0,0.0,0.0,0.0,0.0,0.0,0.0,0.0,0.0,0.0,0.0,0.0,0.0,0.125,0.0,0.0,0.0,0.0,0.0,0.0,0.0,0.0,0.0,0.0
a guitar resting on a couch in a music studio with a case labeled 'fragile - instruments',0.0,0.0,0.0,0.0,0.0,0.0,0.0,0.0,0.0,0.0,0.0,0.0,0.0,0.0,0.0,0.27586206896551724,0.3076923076923077,0.0,0.0,0.0,0.0,0.0,0.0,0.0,0.0,0.0,0.0,0.0,0.0
"A wall with the word 'PEACE' in a complex, colorful, bubble-letter graffiti style.",0.10526315789473684,0.0,0.0,0.0,0.0,0.0,0.3333333333333333,0.0,0.0,0.0,0.0,0.0,0.0,0.0,0.0,0.0,0.0,0.0,0.0,0.0,0.0,0.2,0.0,0.0,0.0,0.0,0.11764705882352941,0.0,0.0
"A computer screen with the word 'WELCOME' in a pixelated, 8-bit font.",0.0,0.0,0.18181818181818182,0.0,0.0,0.0,0.2222222222222222,0.0,0.0,0.0,0.0,0.16666666666666666,0.3333333333333333,0.0,0.15384615384615385,0.0,0.0,0.0,0.0,0.0,0.0,0.09523809523809523,0.4444444444444444,0.0,0.3076923076923077,0.0,0.0,0.1,0.0
a billboard reading 'Visit Miami',0.2857142857142857,0.3333333333333333,0.32,0.4166666666666667,0.2608695652173913,0.4444444444444444,0.4166666666666667,0.4,0.25806451612903225,0.3157894736842105,0.25,0.21052631578947367,0.29411764705882354,0.0,0.24,0.48,0.38461538461538464,0.0,0.0,0.26666666666666666,0.4,0.23529411764705882,0.38461538461538464,0.3076923076923077,0.3870967741935484,0.0,0.0,0.22857142857142856,0.25
a brochure titled 'Visit Paris',0.0,0.0,0.0,0.0,0.0,0.0,0.0,0.0,0.0,0.21052631578947367,0.0,0.0,0.1111111111111111,0.0,0.12903225806451613,0.0,0.0,0.0,0.1111111111111111,0.0,0.0,0.10526315789473684,0.0,0.2,0.11764705882352941,0.0,0.0,0.0,0.0
a brown dog sitting on a sidewalk wearing a tag that says 'buddy',0.0,0.0,0.0,0.0,0.0,0.0,0.0,0.2857142857142857,0.0,0.125,0.25,0.0,0.0,0.0,0.26666666666666666,0.2,0.11764705882352941,0.0,0.0,0.0,0.0,0.0,0.125,0.0,0.0,0.0,0.0,0.0,0.0
a patch with 'Explorer' written on it,0.0,0.0,0.0,0.3076923076923077,0.26666666666666666,0.3076923076923077,0.0,0.0,0.14285714285714285,0.3076923076923077,0.0,0.0,0.13333333333333333,0.0,0.0,0.0,0.16666666666666666,0.0,0.0,0.0,0.0,0.3333333333333333,0.10526315789473684,0.0,0.0,0.0,0.0,0.0,0.0
a gym towel with 'Fitness Club' on it,0.0,0.13793103448275862,0.25,0.0,0.23529411764705882,0.0,0.0,0.0,0.0,0.0,0.0,0.0,0.0,0.0,0.125,0.0,0.13333333333333333,0.0,0.0,0.0,0.0,0.0,0.0,0.0,0.19047619047619047,0.0,0.0,0.0,0.23529411764705882
a stack of books on a study desk with a laptop and a notebook titled 'Ideas',0.14285714285714285,0.0,0.0,0.06896551724137931,0.0,0.0,0.0,0.0,0.0,0.2222222222222222,0.0,0.0,0.0,0.0,0.0,0.11764705882352941,0.3076923076923077,0.0,0.0,0.0,0.0,0.0,0.25,0.0,0.0,0.0,0.0,0.1111111111111111,0.0
a card that reads 'Happy Birthday',0.0,0.0,0.0,0.0,0.0,0.0,0.0,0.0,0.0,0.0,0.0,0.0,0.0,0.0,0.0,0.0,0.0,0.0,0.0,0.0,0.0,0.0,0.0,0.0,0.0,0.0,0.0,0.0,0.0
a red apple on a wooden table with a sticker that says 'organic',0.0,0.0,0.0,0.0,0.0,0.0,0.0,0.0,0.0,0.0,0.0,0.0,0.0,0.0,0.0,0.0,0.0,0.0,0.0,0.0,0.0,0.0,0.0,0.0,0.0,0.0,0.0,0.0,0.0
a group of teenagers sitting around a campfire at night with a blanket that says 'Adventure Club',0.0,0.0,0.0,0.0,0.0,0.18181818181818182,0.0,0.0,0.0,0.0,0.16666666666666666,0.0,0.0,0.0,0.0,0.0,0.0,0.0,0.0,0.0,0.125,0.2222222222222222,0.21052631578947367,0.0,0.32,0.13333333333333333,0.0,0.0,0.0
"A sign that says 'MAGIC' in a whimsical, sparkling, fantasy font.",0.3076923076923077,0.0,0.0,0.3333333333333333,0.0,0.0,0.0,0.0,0.0,0.0,0.0,0.0,0.3333333333333333,0.0,0.15384615384615385,0.0,0.4,0.0,0.0,0.13333333333333333,0.125,0.0,0.4444444444444444,0.18181818181818182,0.15384615384615385,0.0,0.0,0.25,0.0
a kid playing with building blocks on the floor next to a box labeled 'TOYS',0.0,0.0,0.0,0.0,0.0,0.0,0.0,0.0,0.0,0.0,0.0,0.0,0.0,0.0,0.0,0.0,0.0,0.0,0.0,0.0,0.0,0.0,0.0,0.0,0.0,0.0,0.0,0.0,0.0
a cap with 'NYC' embroidered on it,0.14285714285714285,0.0,0.0,0.0,0.0,0.0,0.0,0.0,0.0,0.0,0.0,0.0,0.0,0.0,0.0,0.0,0.0,0.0,0.0,0.0,0.0,0.5,0.0,0.0,0.0,0.0,0.0,0.4,0.0
"A person wearing a graduation robe, holding a diploma with visible text.",0.20689655172413793,0.0,0.0,0.0,0.0,0.0,0.0,0.1038961038961039,0.0,0.0,0.0,0.0,0.23853211009174313,0.0,0.0,0.0,0.0,0.0,0.0,0.1477832512315271,0.0,0.15555555555555556,0.07692307692307693,0.0,0.10126582278481013,0.0,0.07692307692307693,0.0,0.0
an envelope addressed 'To: John Smith',0.08130081300813008,0.3076923076923077,0.16,0.058823529411764705,0.2909090909090909,0.22857142857142856,0.21621621621621623,0.3076923076923077,0.1568627450980392,0.16666666666666666,0.16326530612244897,0.3157894736842105,0.13793103448275862,0.0,0.2222222222222222,0.3448275862068966,0.3448275862068966,0.0,0.1111111111111111,0.19047619047619047,0.2564102564102564,0.10810810810810811,0.2857142857142857,0.23728813559322035,0.07407407407407407,0.0,0.0,0.11764705882352941,0.06666666666666667
a notebook with 'My Ideas' on the cover,0.0,0.0,0.0,0.0,0.0,0.18181818181818182,0.0,0.2222222222222222,0.0,0.18181818181818182,0.0,0.3076923076923077,0.21052631578947367,0.0,0.0,0.0,0.08333333333333333,0.0,0.0,0.0,0.0,0.0,0.0,0.0,0.18181818181818182,0.0,0.0,0.0,0.0
a whiteboard with 'Meeting at 3pm' written on it,0.0,0.0,0.0,0.0,0.0,0.0,0.0,0.19753086419753085,0.0,0.0,0.17391304347826086,0.08421052631578947,0.0,0.0,0.09523809523809523,0.0,0.12244897959183673,0.0,0.0,0.0,0.0,0.0,0.0,0.12658227848101267,0.0,0.0,0.0,0.0,0.0
a group of penguins standing on an icy shoreline near a research sign that says 'penguin colony',0.0,0.0,0.0,0.0,0.0,0.0,0.0,0.0,0.0,0.0,0.0,0.0,0.0,0.0,0.0,0.0,0.0,0.0,0.0,0.0,0.0,0.0,0.0,0.0,0.0,0.0,0.0,0.0,0.0
a cat sitting on a windowsill in a sunny room beside a pillow labeled 'nap spot',0.0,0.0,0.0,0.0,0.0,0.0,0.0,0.0,0.0,0.0,0.0,0.0,0.0,0.0,0.0,0.0,0.0,0.0,0.16666666666666666,0.0,0.0,0.0,0.0,0.0,0.0,0.0,0.0,0.0,0.0
a shoe with 'Nike' on the side,0.0,0.3333333333333333,0.0,0.2222222222222222,0.0,0.0,0.0,0.0,0.0,0.0,0.0,0.0,0.3333333333333333,0.0,0.0,0.0,0.0,0.0,0.0,0.0,0.0,0.0,0.0,0.0,0.5714285714285714,0.0,0.0,0.0,0.0
"A close-up of a U.S. quarter, with 'LIBERTY' and 'IN GOD WE TRUST' visible.",0.0,0.07142857142857142,0.16,0.3,0.17647058823529413,0.2727272727272727,0.10526315789473684,0.25,0.14285714285714285,0.14285714285714285,0.06896551724137931,0.0,0.2553191489361702,0.0,0.26666666666666666,0.13793103448275862,0.12903225806451613,0.0,0.0,0.0,0.3783783783783784,0.2702702702702703,0.2727272727272727,0.04,0.18181818181818182,0.0,0.0,0.1875,0.15384615384615385
a label that says 'Organic',0.1111111111111111,0.13043478260869565,0.07692307692307693,0.1,0.07547169811320754,0.05194805194805195,0.043478260869565216,0.06722689075630252,0.03278688524590164,0.10869565217391304,0.1509433962264151,0.07407407407407407,0.08955223880597014,0.0,0.0,0.09090909090909091,0.1509433962264151,0.0,0.0,0.05263157894736842,0.1875,0.06593406593406594,0.06896551724137931,0.09195402298850575,0.034482758620689655,0.0,0.0,0.09411764705882353,0.13043478260869565
a war memorial in a foggy park surrounded by autumn leaves with an inscription that reads 'for those who served',0.14285714285714285,0.25,0.25806451612903225,0.2926829268292683,0.14432989690721648,0.2222222222222222,0.23333333333333334,0.35,0.3111111111111111,0.32,0.358974358974359,0.0,0.23809523809523808,0.0,0.3076923076923077,0.13043478260869565,0.2545454545454545,0.0,0.08333333333333333,0.35,0.21428571428571427,0.2857142857142857,0.2647058823529412,0.25806451612903225,0.32558139534883723,0.0,0.0,0.2926829268292683,0.35555555555555557
a bakery display with fresh pastries and bread and a sign that says 'Fresh Baked Daily',0.32432432432432434,0.0,0.0,0.0,0.0,0.0,0.0,0.0,0.0,0.0,0.0,0.09090909090909091,0.0,0.0,0.23809523809523808,0.0,0.0,0.1111111111111111,0.0,0.0,0.0,0.0,0.0,0.0,0.0,0.0,0.0,0.0,0.0
"A sign that says 'WANTED' in a rustic, western, wood-block font.",0.09523809523809523,0.11764705882352941,0.1111111111111111,0.20689655172413793,0.16666666666666666,0.30303030303030304,0.35294117647058826,0.08888888888888889,0.058823529411764705,0.2962962962962963,0.25,0.25,0.16666666666666666,0.0,0.07692307692307693,0.24242424242424243,0.2631578947368421,0.0,0.0,0.2,0.27586206896551724,0.2222222222222222,0.20689655172413793,0.20512820512820512,0.2857142857142857,0.0,0.0,0.22857142857142856,0.3333333333333333
a receipt showing 'Total: $15.99',0.006882312456985547,0.02321083172147002,0.0,0.027777777777777776,0.0063371356147021544,0.006523157208088715,0.08333333333333333,0.00818452380952381,0.2,0.00641025641025641,0.006337709370755998,0.012024048096192385,0.004820729135281711,0.0,0.07692307692307693,0.003115264797507788,0.004310344827586207,0.0,0.10526315789473684,0.006947890818858561,0.029850746268656716,0.008746355685131196,0.008680555555555556,0.00784313725490196,0.005852842809364548,0.0,0.13333333333333333,0.006271379703534778,0.006273525721455458
a flag with 'Welcome Home' written on it,0.1935483870967742,0.0,0.0,0.0,0.0,0.0,0.0,0.0,0.0,0.0,0.0,0.0,0.0,0.0,0.0,0.0,0.0,0.0,0.0,0.0,0.0,0.0,0.0,0.0,0.0,0.0,0.0,0.0,0.0
a woman painting on a canvas in her studio with a wall poster that says 'Inspire',0.2222222222222222,0.0,0.0,0.0,0.0,0.0,0.0,0.0,0.0,0.0,0.0,0.0,0.0,0.0,0.0,0.0,0.0,0.0,0.0,0.0,0.0,0.0,0.0,0.0,0.0,0.0,0.0,0.0,0.0
A university building with 'LIBRARY' carved in stone above the entrance.,0.0,0.0,0.0,0.1,0.0,0.0,0.0,0.0,0.0,0.0,0.0,0.0,0.0,0.0,0.0,0.0,0.0,0.0,0.0,0.0,0.3333333333333333,0.09523809523809523,0.14285714285714285,0.0,0.0,0.0,0.0,0.0,0.0
a jersey with number '10' on it,0.0,0.0,0.0,0.0,0.0,0.0,0.0,0.0,0.0,0.0,0.0,0.0,0.5,0.0,0.0,0.6666666666666666,0.0,0.0,0.2857142857142857,0.0,0.0,0.0,0.0,0.0,0.0,0.0,0.0,0.0,0.0
an instruction sheet titled 'Assembly Guide',0.006153846153846154,0.04819277108433735,0.0,0.09271523178807947,0.017486338797814208,0.02944507361268403,0.0,0.0163265306122449,0.0,0.020222446916076844,0.09009009009009009,0.08955223880597014,0.012024048096192385,0.0,0.14285714285714285,0.011088011088011088,0.017591339648173207,0.0,0.0,0.06837606837606838,0.03686635944700461,0.013745704467353952,0.010238907849829351,0.016736401673640166,0.013888888888888888,0.1111111111111111,0.0,0.020080321285140562,0.015434083601286173
"A detective's office with a corkboard covered in notes, photos, and newspaper clippings with visible text.",0.08776371308016878,0.13829787234042554,0.2064516129032258,0.23783783783783785,0.15085158150851583,0.1893491124260355,0.27,0.12121212121212122,0.2109375,0.08917197452229299,0.1015625,0.17721518987341772,0.2138364779874214,0.0,0.13675213675213677,0.2376237623762376,0.24778761061946902,0.0,0.0,0.2436548223350254,0.16,0.1450381679389313,0.27106227106227104,0.20444444444444446,0.1589958158995816,0.0,0.0,0.2347417840375587,0.25806451612903225
a postcard with 'Greetings from Paris' on it,0.0,0.0,0.0,0.0,0.0,0.0,0.0,0.0,0.0,0.0,0.0,0.0,0.0,0.0,0.15384615384615385,0.0,0.0,0.0,0.07692307692307693,0.0,0.0,0.0,0.0,0.0,0.0,0.0,0.0,0.0,0.0
a wallet with 'Genuine Leather' embossed on it,0.0,0.0,0.0,0.0,0.0,0.14285714285714285,0.0,0.0,0.0,0.0,0.0,0.0,0.0,0.0,0.0,0.0,0.0,0.0,0.09523809523809523,0.0,0.0,0.0,0.0,0.0,0.0,0.0,0.0,0.0,0.0
a hoodie with 'California' written on it,0.2222222222222222,0.3,0.0,0.21052631578947367,0.125,0.3,0.1111111111111111,0.3,0.10526315789473684,0.10526315789473684,0.36363636363636365,0.0,0.34782608695652173,0.0,0.2608695652173913,0.18181818181818182,0.2222222222222222,0.0,0.0,0.42105263157894735,0.2222222222222222,0.2857142857142857,0.3333333333333333,0.4,0.2857142857142857,0.0,0.0,0.35294117647058826,0.3
an envelope addressed 'To: John Smith',0.2222222222222222,0.18181818181818182,0.0,0.0,0.0,0.0,0.0,0.0,0.0,0.0,0.16,0.0,0.0,0.0,0.08888888888888889,0.0,0.0,0.0,0.0,0.0,0.0,0.0,0.0,0.0,0.0,0.0,0.0,0.0,0.0
a letter addressed 'Dear Mom',0.0,0.0,0.02237136465324385,0.0,0.03404255319148936,0.0,0.020338983050847456,0.0,0.0,0.0,0.050505050505050504,0.0,0.0,0.0,0.0,0.2,0.0,0.0,0.0,0.0,0.0,0.0,0.0,0.02959830866807611,0.0,0.0,0.0,0.0,0.02676864244741874
a person climbing a rock wall indoors wearing a shirt labeled 'Climb On',0.0,0.0,0.0,0.0,0.0,0.0,0.0,0.0,0.0,0.0,0.0,0.0,0.0,0.0,0.0,0.0,0.0,0.0,0.15384615384615385,0.0,0.0,0.0,0.0,0.0,0.0,0.0,0.0,0.0,0.0
a ticket reading 'Concert Admit One',0.12244897959183673,0.09090909090909091,0.25,0.2077922077922078,0.07079646017699115,0.03773584905660377,0.1875,0.043373493975903614,0.14414414414414414,0.0462046204620462,0.07329842931937172,0.14705882352941177,0.04390243902439024,0.0,0.12403100775193798,0.0374414976599064,0.025044722719141325,0.0,0.0,0.04221635883905013,0.17391304347826086,0.1,0.026905829596412557,0.06853582554517133,0.05893909626719057,0.0,0.0,0.038535645472061654,0.03648424543946932
a directory titled 'Building Map',0.09523809523809523,0.05714285714285714,0.3,0.08333333333333333,0.27586206896551724,0.2222222222222222,0.0,0.208955223880597,0.18823529411764706,0.057803468208092484,0.2857142857142857,0.21621621621621623,0.0392156862745098,0.0,0.17142857142857143,0.2608695652173913,0.09375,0.0,0.0,0.2857142857142857,0.0,0.175,0.05223880597014925,0.05787781350482315,0.12080536912751678,0.0,0.0,0.18181818181818182,0.0
a recipe card titled 'Chocolate Cake',0.0,0.0,0.0,0.0,0.07272727272727272,0.0,0.0,0.08284023668639054,0.0,0.031683168316831684,0.02536997885835095,0.18181818181818182,0.03296703296703297,0.0,0.06338028169014084,0.0,0.06666666666666667,0.0,0.1111111111111111,0.0,0.0,0.15384615384615385,0.09876543209876543,0.05907172995780591,0.0,0.0,0.0,0.2,0.15384615384615385
a notebook cover that says 'My Ideas',0.19047619047619047,0.06896551724137931,0.17391304347826086,0.18181818181818182,0.2222222222222222,0.13333333333333333,0.17142857142857143,0.11764705882352941,0.18181818181818182,0.04878048780487805,0.14814814814814814,0.125,0.17647058823529413,0.0,0.21052631578947367,0.11428571428571428,0.16,0.2,0.0,0.2222222222222222,0.12121212121212122,0.08,0.06451612903225806,0.13333333333333333,0.13333333333333333,0.0,0.0,0.05714285714285714,0.13333333333333333
a keychain with 'Home Sweet Home' on it,0.0,0.0,0.0,0.0,0.0,0.0,0.0,0.0,0.0,0.0,0.0,0.0,0.0,0.0,0.0,0.0,0.0,0.125,0.0,0.0,0.0,0.0,0.0,0.0,0.0,0.0,0.0,0.0,0.0
a hat with 'Beach Life' embroidered on it,0.0,0.0,0.0,0.15384615384615385,0.0,0.0,0.0,0.0,0.0,0.0,0.0,0.0,0.0,0.0,0.0,0.0,0.0,0.0,0.14285714285714285,0.0,0.0,0.0,0.0,0.0,0.0,0.0,0.0,0.18181818181818182,0.0
an abandoned train station covered in overgrown vines and rusted metal with a faded sign that says 'central line closed',0.26666666666666666,0.0,0.0,0.26666666666666666,0.25,0.2608695652173913,0.17391304347826086,0.0,0.0,0.18181818181818182,0.24,0.0,0.0,0.0,0.0,0.16666666666666666,0.2962962962962963,0.0,0.09090909090909091,0.16666666666666666,0.0,0.24,0.32,0.0,0.15384615384615385,0.0,0.0,0.0,0.0
a whiteboard with 'Meeting at 3pm' written on it,0.0,0.12962962962962962,0.0,0.0,0.0,0.0,0.1694915254237288,0.0,0.0,0.0,0.0,0.20588235294117646,0.0,0.0,0.11428571428571428,0.0,0.0,0.0,0.18181818181818182,0.12631578947368421,0.0,0.0,0.0,0.06521739130434782,0.0,0.0,0.0,0.0,0.0
"A page from a novel, filled with dense paragraphs of text.",0.011632415664986429,0.16783216783216784,0.14388489208633093,0.07551487414187644,0.08172043010752689,0.05875440658049354,0.0,0.1286549707602339,0.11331444759206799,0.10526315789473684,0.0,0.0,0.04314720812182741,0.0,0.022187004754358162,0.0903954802259887,0.04106776180698152,0.0,0.0,0.2247191011235955,0.26229508196721313,0.22857142857142856,0.07692307692307693,0.06909090909090909,0.09523809523809523,0.0,0.0,0.03282828282828283,0.027218934911242602
a letter addressed 'Dear Mom',0.0,0.0,0.0,0.0,0.1111111111111111,0.0,0.0,0.0,0.0,0.0,0.0,0.0,0.0,0.0,0.0,0.0,0.0,0.0,0.0,0.0,0.0,0.0,0.0,0.0,0.0,0.0,0.0,0.0,0.0
a report titled 'Annual Summary',0.024806201550387597,0.2962962962962963,0.0,0.0,0.1,0.21428571428571427,0.0,0.09523809523809523,0.0,0.08928571428571429,0.13333333333333333,0.0,0.0,0.0,0.0,0.046511627906976744,0.0,0.0,0.0,0.10191082802547771,0.0,0.1188118811881188,0.16,0.1111111111111111,0.17391304347826086,0.0,0.0,0.0,0.0
a boy flying a kite in an open field with the words 'sky dreamer' written on the kite,0.13793103448275862,0.2222222222222222,0.2,0.2222222222222222,0.24390243902439024,0.2857142857142857,0.37037037037037035,0.17391304347826086,0.2222222222222222,0.15384615384615385,0.2222222222222222,0.2727272727272727,0.20689655172413793,0.0,0.0,0.1935483870967742,0.1935483870967742,0.0,0.0,0.08,0.38095238095238093,0.16,0.2222222222222222,0.17391304347826086,0.24,0.0,0.0,0.2857142857142857,0.12121212121212122
a phone case that says 'Dream Big',0.0,0.0,0.14285714285714285,0.0,0.0,0.16666666666666666,0.0,0.0,0.0,0.0,0.0,0.16666666666666666,0.0,0.0,0.0,0.0,0.0,0.0,0.0,0.15384615384615385,0.0,0.0,0.0,0.0,0.0,0.0,0.0,0.0,0.0
"a courtroom with wooden benches, flags, and high ceilings with a plaque above the judge's bench that reads 'in justice we trust'",0.0,0.0,0.0,0.0,0.0,0.0,0.0,0.0,0.0,0.0,0.0,0.2,0.0,0.0,0.0,0.0,0.0,0.0,0.0,0.0,0.0,0.0,0.0,0.0,0.0,0.0,0.08333333333333333,0.0,0.0
a small mailbox standing at the edge of a rural road with 'the andersons' painted on the side,0.1875,0.21052631578947367,0.1,0.2,0.3,0.2,0.18181818181818182,0.1111111111111111,0.1,0.2222222222222222,0.18181818181818182,0.19047619047619047,0.2857142857142857,0.0,0.2,0.09523809523809523,0.3,0.0,0.21052631578947367,0.4,0.11764705882352941,0.1,0.19047619047619047,0.2,0.3,0.0,0.0,0.1111111111111111,0.2222222222222222
a delivery box on a wooden porch with a label that says 'books inside',0.1095890410958904,0.14814814814814814,0.0,0.13333333333333333,0.09090909090909091,0.18181818181818182,0.08247422680412371,0.2608695652173913,0.17777777777777778,0.18604651162790697,0.05555555555555555,0.10416666666666667,0.25,0.0,0.08955223880597014,0.23076923076923078,0.0784313725490196,0.0,0.0,0.08888888888888889,0.14545454545454545,0.14545454545454545,0.11320754716981132,0.13157894736842105,0.07317073170731707,0.0,0.0,0.0625,0.05263157894736842
a planner with '2025 Goals' on the cover,0.05714285714285714,0.13333333333333333,0.1,0.125,0.14285714285714285,0.07407407407407407,0.19047619047619047,0.09090909090909091,0.16666666666666666,0.09230769230769231,0.08888888888888889,0.0,0.06666666666666667,0.0,0.2222222222222222,0.14035087719298245,0.09090909090909091,0.0,0.0,0.18181818181818182,0.20689655172413793,0.07017543859649122,0.2857142857142857,0.15384615384615385,0.17391304347826086,0.0,0.0,0.0,0.16
A yellow taxi cab with a sign on top that says 'TAXI'.,0.125,0.0,0.08695652173913043,0.2727272727272727,0.23076923076923078,0.08333333333333333,0.24,0.19047619047619047,0.08,0.13333333333333333,0.2222222222222222,0.13333333333333333,0.25,0.0,0.26666666666666666,0.18181818181818182,0.0625,0.0,0.36363636363636365,0.09523809523809523,0.3076923076923077,0.14814814814814814,0.23076923076923078,0.1,0.1111111111111111,0.0,0.0,0.11764705882352941,0.18181818181818182
a chalkboard in a quiet university lecture hall with the words 'final exam schedule' written on it,0.0,0.1724137931034483,0.14285714285714285,0.06666666666666667,0.1518987341772152,0.11627906976744186,0.046511627906976744,0.16,0.08695652173913043,0.08484848484848485,0.07560137457044673,0.11188811188811189,0.03571428571428571,0.0,0.08376963350785341,0.09836065573770492,0.053156146179401995,0.0,0.0,0.125,0.0,0.09090909090909091,0.07194244604316546,0.05319148936170213,0.0916030534351145,0.0,0.0,0.11428571428571428,0.10196078431372549
a lunch box with 'Emma's Lunch' written on it,0.18181818181818182,0.0,0.2222222222222222,0.0,0.2857142857142857,0.18181818181818182,0.0,0.4,0.2857142857142857,0.0,0.25,0.0,0.2,0.0,0.13333333333333333,0.2,0.18181818181818182,0.0,0.3333333333333333,0.2857142857142857,0.0,0.0,0.18181818181818182,0.2857142857142857,0.125,0.0,0.0,0.0,0.36363636363636365
a bookmark reading 'Chapter 5',0.0,0.08,0.2,0.05319148936170213,0.11214953271028037,0.04081632653061224,0.14285714285714285,0.08080808080808081,0.10989010989010989,0.18666666666666668,0.11764705882352941,0.0,0.04295942720763723,0.0,0.18181818181818182,0.10256410256410256,0.01927710843373494,0.0,0.0,0.10344827586206896,0.0,0.0547945205479452,0.04590163934426229,0.055944055944055944,0.04608294930875576,0.0,0.0,0.05405405405405406,0.0963855421686747
a thermos with 'Keep Cold' written on it,0.0,0.13333333333333333,0.0,0.125,0.0,0.35294117647058826,0.0,0.0,0.375,0.25,0.0,0.0,0.2857142857142857,0.0,0.0,0.0,0.0,0.0,0.0,0.0,0.0,0.16666666666666666,0.1111111111111111,0.26666666666666666,0.0,0.0,0.0,0.125,0.21052631578947367
a warning sign that reads 'Wet Floor',0.34782608695652173,0.14285714285714285,0.1,0.13333333333333333,0.18181818181818182,0.1,0.06896551724137931,0.09523809523809523,0.13333333333333333,0.18181818181818182,0.19047619047619047,0.1111111111111111,0.09090909090909091,0.0,0.21052631578947367,0.09523809523809523,0.19047619047619047,0.0,0.0,0.25,0.14285714285714285,0.19047619047619047,0.17391304347826086,0.15384615384615385,0.10526315789473684,0.0,0.0,0.1,0.10526315789473684
a headband saying 'Fitness First',0.125,0.2727272727272727,0.3,0.21052631578947367,0.2702702702702703,0.2127659574468085,0.2608695652173913,0.3333333333333333,0.0975609756097561,0.23529411764705882,0.14285714285714285,0.1875,0.2692307692307692,0.0,0.18181818181818182,0.16326530612244897,0.27906976744186046,0.0,0.0,0.14285714285714285,0.2,0.16216216216216217,0.20689655172413793,0.21428571428571427,0.16216216216216217,0.0,0.0,0.1875,0.12121212121212122
a form titled 'Job Application',0.015759312320916905,0.1951219512195122,0.30434782608695654,0.016824395373291272,0.026865671641791045,0.022099447513812154,0.16666666666666666,0.09278350515463918,0.12844036697247707,0.028169014084507043,0.17777777777777778,0.07446808510638298,0.10404624277456648,0.0,0.015437392795883362,0.025806451612903226,0.03636363636363636,0.0,0.0,0.03501945525291829,0.23809523809523808,0.018853102906520033,0.021034180543382998,0.018105849582172703,0.027079303675048357,0.0,0.0,0.02789400278940028,0.0449438202247191
a contract titled 'Rental Agreement',0.2,0.0,0.0,0.0,0.18181818181818182,0.11764705882352941,0.0,0.0,0.11764705882352941,0.25,0.0,0.0,0.2564102564102564,0.0,0.0,0.0,0.3333333333333333,0.0,0.0,0.2608695652173913,0.0,0.0,0.0,0.0,0.0,0.0,0.0,0.0,0.0
a tote bag with 'Eco Friendly' printed on it,0.0,0.2608695652173913,0.0,0.2727272727272727,0.2857142857142857,0.34782608695652173,0.36363636363636365,0.36363636363636365,0.34782608695652173,0.3333333333333333,0.38095238095238093,0.3448275862068966,0.18181818181818182,0.0,0.29411764705882354,0.2857142857142857,0.38095238095238093,0.0,0.2222222222222222,0.17391304347826086,0.0,0.36363636363636365,0.18181818181818182,0.17391304347826086,0.17391304347826086,0.0,0.0,0.16666666666666666,0.2857142857142857
a hat with 'Beach Life' embroidered on it,0.3076923076923077,0.0,0.0,0.2608695652173913,0.0,0.0,0.0,0.3076923076923077,0.0,0.0,0.0,0.26666666666666666,0.16666666666666666,0.0,0.0,0.0,0.0,0.0,0.11764705882352941,0.0,0.0,0.0,0.16666666666666666,0.15384615384615385,0.3333333333333333,0.0,0.0,0.0,0.0
a clipboard with 'Survey' written on top,0.0,0.0,0.0,0.0,0.0,0.0,0.0,0.0,0.0,0.0,0.0,0.0,0.0,0.0,0.0,0.0,0.0,0.0,0.0,0.0,0.0,0.1111111111111111,0.0,0.0,0.0,0.0,0.0,0.0,0.0
a folder labeled 'Important Documents',0.046413502109704644,0.0,0.0,0.10309278350515463,0.09523809523809523,0.1276595744680851,0.0,0.35294117647058826,0.0,0.17647058823529413,0.0,0.0,0.0,0.0,0.16666666666666666,0.2,0.3,0.0,0.0,0.0,0.0,0.058823529411764705,0.0,0.18181818181818182,0.0,0.0,0.0,0.0,0.09523809523809523
a magazine with 'Sports Weekly' on the cover,0.23529411764705882,0.13114754098360656,0.09523809523809523,0.23809523809523808,0.12698412698412698,0.12,0.06451612903225806,0.08333333333333333,0.11538461538461539,0.10526315789473684,0.22857142857142856,0.2727272727272727,0.1509433962264151,0.0,0.21052631578947367,0.14634146341463414,0.08163265306122448,0.0,0.0,0.1643835616438356,0.14285714285714285,0.1016949152542373,0.1935483870967742,0.16666666666666666,0.16,0.0,0.0,0.12121212121212122,0.13333333333333333
a jersey with number '10' on it,0.0,0.5,0.6666666666666666,0.5,0.5,0.0,0.0,0.5,0.0,0.4,0.0,0.0,0.5,0.0,0.5,0.5,0.0,0.0,0.5,0.0,0.5,0.0,0.0,0.0,0.0,0.0,0.0,0.6666666666666666,0.5
a raccoon exploring a trash bin in an alley next to a warning sign that says 'no feeding wildlife',0.0,0.0,0.0,0.0,0.0,0.0,0.0,0.0,0.0,0.08695652173913043,0.0,0.0,0.25806451612903225,0.0,0.14814814814814814,0.17391304347826086,0.21052631578947367,0.0,0.0,0.0,0.0,0.2962962962962963,0.0,0.0,0.30303030303030304,0.0,0.0,0.0,0.0
an elastic band with 'Stretch & Fit' printed on it,0.0,0.0,0.0,0.0,0.0,0.0,0.0,0.0,0.0,0.0,0.0,0.0,0.0,0.0,0.2,0.0,0.0,0.0,0.0,0.0,0.0,0.0,0.0,0.0,0.0,0.0,0.0,0.0,0.0
a hiker resting at the edge of a mountain cliff with a backpack patch that reads 'WANDER',0.0,0.0,0.0,0.0,0.0,0.16666666666666666,0.0,0.16666666666666666,0.0,0.0,0.0,0.0,0.0,0.0,0.25,0.2857142857142857,0.0,0.0,0.0,0.0,0.0,0.2,0.0,0.0,0.4,0.0,0.0,0.0,0.2
a rulebook titled 'Game Rules',0.0449438202247191,0.0,0.0,0.0,0.19047619047619047,0.04093567251461988,0.0,0.25806451612903225,0.0,0.12371134020618557,0.0,0.0,0.0,0.0,0.0,0.0,0.3333333333333333,0.0,0.0,0.12903225806451613,0.0,0.1,0.06451612903225806,0.12121212121212122,0.0,0.0,0.0,0.0,0.15384615384615385
a greeting card saying 'Thank You',0.0,0.08695652173913043,0.0,0.0,0.07692307692307693,0.10714285714285714,0.0,0.09836065573770492,0.0,0.09090909090909091,0.15873015873015872,0.041666666666666664,0.0,0.0,0.15789473684210525,0.17857142857142858,0.10526315789473684,0.0,0.16666666666666666,0.1568627450980392,0.0,0.0,0.10714285714285714,0.14814814814814814,0.08888888888888889,0.0,0.0,0.05063291139240506,0.12345679012345678
An airport terminal with a large departure board displaying 'FLIGHT 815 - DELAYED'.,0.0684931506849315,0.07407407407407407,0.06593406593406594,0.16666666666666666,0.16,0.1935483870967742,0.06363636363636363,0.05238095238095238,0.23529411764705882,0.0,0.0,0.09259259259259259,0.0,0.0,0.0,0.16216216216216217,0.0,0.0,0.0,0.0743801652892562,0.09523809523809523,0.033707865168539325,0.04697986577181208,0.35555555555555557,0.0,0.0,0.0,0.021691973969631236,0.0
A street with a crosswalk and the word 'LOOK' painted on the pavement.,0.1111111111111111,0.0,0.0,0.0,0.0,0.3333333333333333,0.0,0.0,0.0,0.0,0.0,0.0,0.0,0.0,0.2,0.0,0.0,0.0,0.0,0.0,0.0,0.0,0.0,0.0,0.0,0.0,0.0,0.0,0.0
"A person looking at their smartwatch, which displays the message 'New Notification'.",0.0,0.08333333333333333,0.0,0.0,0.0,0.0,0.27586206896551724,0.0,0.06666666666666667,0.2222222222222222,0.1111111111111111,0.1935483870967742,0.10526315789473684,0.0,0.15789473684210525,0.23529411764705882,0.2,0.0,0.1111111111111111,0.0,0.0,0.0,0.0,0.0,0.1,0.0,0.0,0.0,0.0
a book with 'Adventure Stories' on the cover,0.14814814814814814,0.21052631578947367,0.0,0.0,0.0,0.0,0.0,0.0,0.0,0.0,0.16393442622950818,0.13114754098360656,0.0,0.0,0.20833333333333334,0.09523809523809523,0.0,0.0,0.0,0.125,0.0,0.0,0.0,0.08,0.0,0.0,0.0,0.0,0.0
A restaurant check on a table with a handwritten signature and tip amount.,0.0,0.04878048780487805,0.0,0.0,0.14,0.13043478260869565,0.0,0.0,0.0,0.02666666666666667,0.0,0.2524271844660194,0.0,0.0,0.08888888888888889,0.0,0.0,0.0,0.0,0.07407407407407407,0.0,0.05263157894736842,0.15730337078651685,0.18947368421052632,0.22988505747126436,0.0,0.0,0.0,0.0
a delivery drone resting on a landing pad with the label 'express courier' on its side,0.23076923076923078,0.26666666666666666,0.24,0.0,0.20689655172413793,0.2,0.36363636363636365,0.22857142857142856,0.25,0.20689655172413793,0.21052631578947367,0.2,0.2962962962962963,0.0,0.0,0.16666666666666666,0.3333333333333333,0.0,0.21052631578947367,0.21428571428571427,0.0,0.20689655172413793,0.3448275862068966,0.3225806451612903,0.0,0.11764705882352941,0.0,0.37037037037037035,0.2
A prescription pad with a doctor's handwritten notes and a signature.,0.050655021834061134,0.12738853503184713,0.0,0.10354223433242507,0.08857808857808858,0.08428246013667426,0.0,0.06779661016949153,0.22660098522167488,0.08168316831683169,0.047186932849364795,0.09970674486803519,0.0749063670411985,0.0,0.10570824524312897,0.04932182490752158,0.02656042496679947,0.0,0.027777777777777776,0.09911504424778761,0.0,0.07777777777777778,0.08713692946058091,0.042505592841163314,0.08516886930983847,0.0,0.0,0.06570841889117043,0.053927315357561546
a planner with '2025 Goals' on the cover,0.16216216216216217,0.06451612903225806,0.09090909090909091,0.11428571428571428,0.05,0.1111111111111111,0.1111111111111111,0.07017543859649122,0.13333333333333333,0.08333333333333333,0.2857142857142857,0.16666666666666666,0.20512820512820512,0.0,0.26666666666666666,0.037037037037037035,0.047619047619047616,0.0,0.3333333333333333,0.09302325581395349,0.13333333333333333,0.16216216216216217,0.2702702702702703,0.2222222222222222,0.23529411764705882,0.0,0.0,0.3157894736842105,0.13333333333333333
a price tag showing '$9.99',0.0,0.0975609756097561,0.0,0.0,0.0,0.06451612903225806,0.0,0.07272727272727272,0.0,0.034782608695652174,0.05128205128205128,0.0,0.0,0.0,0.0,0.0,0.0,0.0,0.0,0.0,0.0,0.0,0.0,0.043478260869565216,0.044444444444444446,0.0,0.0,0.04,0.0
"A newspaper headline 'WAR ENDS' in a bold, very large, impactful, sans-serif font.",0.0,0.10126582278481013,0.06896551724137931,0.0,0.044444444444444446,0.2,0.07142857142857142,0.10126582278481013,0.03278688524590164,0.11764705882352941,0.10526315789473684,0.044444444444444446,0.2,0.0,0.10256410256410256,0.09523809523809523,0.0759493670886076,0.0,0.26666666666666666,0.08695652173913043,0.0,0.18181818181818182,0.07017543859649122,0.1276595744680851,0.15384615384615385,0.0,0.0,0.10638297872340426,0.06779661016949153
