prompt,layer_21,layer_2,layer_5,layer_13,layer_14,layer_15,layer_12,layer_4,layer_3,layer_20,layer_11,layer_9,layer_16,layer_18,layer_0,layer_7,layer_23,layer_22,layer_6,layer_19,layer_1,cfg,layer_17,layer_10,layer_8
a phone case that says 'Dream Big',1.0,0.3448275862068966,0.2857142857142857,0.64,0.8235294117647058,0.7,0.8,0.8888888888888888,0.5714285714285714,0.7272727272727273,0.34782608695652173,0.8181818181818182,0.37037037037037035,0.48,1.0,1.0,0.5454545454545454,0.5454545454545454,0.6923076923076923,0.75,0.8888888888888888,0.5833333333333334,1.0,0.8421052631578947,0.5714285714285714
a fox walking through a snowy forest trail past a wooden post labeled 'trail marker 3',0.35294117647058826,0.56,0.5454545454545454,0.42105263157894735,0.4,0.5,0.6086956521739131,0.5217391304347826,0.2727272727272727,0.6956521739130435,0.47619047619047616,0.5,0.35294117647058826,0.47619047619047616,0.3333333333333333,0.5714285714285714,0.3,0.4444444444444444,0.2222222222222222,0.5454545454545454,0.5714285714285714,0.38095238095238093,0.4,0.4,0.6
a war memorial in a foggy park surrounded by autumn leaves with an inscription that reads 'for those who served',0.0,0.0,0.0,0.0,0.0,0.0,0.0,0.0,0.0,0.0,0.0,0.0,0.09523809523809523,0.0,0.0,0.0,0.0,0.0,0.0,0.0,0.0,0.0,0.0,0.0,0.0
a cat sitting on a windowsill in a sunny room beside a pillow labeled 'nap spot',0.5,1.0,0.875,0.8,1.0,0.875,0.4,0.9411764705882353,0.9411764705882353,0.875,0.8,0.9333333333333333,0.47058823529411764,0.8,0.0,0.5,0.8235294117647058,0.9333333333333333,0.4444444444444444,0.5,0.47058823529411764,0.875,0.9411764705882353,0.8235294117647058,1.0
A metal plaque on a wall engraved with 'This building was dedicated in 1950'.,0.1640378548895899,0.918918918918919,0.33519553072625696,0.28169014084507044,0.6470588235294118,0.7555555555555555,0.15347721822541965,0.46153846153846156,0.2391304347826087,0.7472527472527473,0.32460732984293195,0.8461538461538461,0.26291079812206575,0.2147239263803681,0.821917808219178,0.31794871794871793,0.2108843537414966,0.18435754189944134,0.3973509933774834,0.22040816326530613,0.26382978723404255,0.3113207547169811,0.7469879518072289,0.2558139534883721,0.28440366972477066
A framed piece of intricate Arabic calligraphy.,0.04,0.07407407407407407,0.21428571428571427,0.03773584905660377,0.07272727272727272,0.12,0.0,0.0,0.0,0.0,0.04081632653061224,0.0784313725490196,0.0,0.0,0.0,0.0784313725490196,0.07547169811320754,0.04,0.0,0.0,0.07272727272727272,0.08,0.297029702970297,0.11764705882352941,0.0
a man sitting at a bus stop in the city next to an advertisement reading 'Ride Smart',0.2222222222222222,0.22727272727272727,0.19230769230769232,0.23529411764705882,0.23809523809523808,0.2564102564102564,0.2,0.38461538461538464,0.24096385542168675,0.23255813953488372,0.2898550724637681,0.29411764705882354,0.15503875968992248,0.26666666666666666,1.0,0.23809523809523808,0.4878048780487805,0.273972602739726,0.3076923076923077,0.21052631578947367,0.4878048780487805,0.38461538461538464,0.2222222222222222,0.25316455696202533,0.1941747572815534
a bandana with 'Wild West' printed on it,1.0,1.0,0.8181818181818182,1.0,1.0,1.0,1.0,1.0,1.0,1.0,1.0,1.0,0.782608695652174,1.0,1.0,1.0,0.6666666666666666,0.782608695652174,1.0,1.0,1.0,1.0,1.0,1.0,1.0
a child painting with watercolors on the floor next to a paper labeled 'My Art',0.5,0.35294117647058826,0.5,0.5,0.5,0.35294117647058826,0.32,0.15384615384615385,0.8333333333333334,0.3333333333333333,0.5,0.625,0.47058823529411764,0.5,0.0,0.5,0.5,0.4,0.4444444444444444,0.18181818181818182,1.0,0.5,0.5,0.5,0.7272727272727273
a water bottle with 'Hydrate Daily' on it,0.0,0.1111111111111111,0.0,0.0,0.0,0.0,0.14285714285714285,0.0,0.14285714285714285,0.0,0.14285714285714285,0.0,0.14285714285714285,0.0,0.0,0.0,0.0,0.0,0.14285714285714285,0.14285714285714285,0.16666666666666666,0.0,0.0,0.0,0.0
a shoe with 'Nike' on the side,0.0,0.0,0.0,0.2857142857142857,0.0,0.4444444444444444,0.0,0.2857142857142857,0.0,0.0,0.0,0.0,0.0,0.0,0.0,0.8571428571428571,0.25,0.0,0.2857142857142857,0.0,0.0,0.3333333333333333,0.2857142857142857,0.4,0.8571428571428571
"A computer screen with the word 'WELCOME' in a pixelated, 8-bit font.",0.19718309859154928,1.0,0.2916666666666667,0.21428571428571427,0.9333333333333333,0.14084507042253522,0.2,0.18421052631578946,0.0967741935483871,0.24561403508771928,0.1308411214953271,0.56,0.24561403508771928,0.18867924528301888,0.6666666666666666,0.19047619047619047,0.2564102564102564,0.6,0.12280701754385964,1.0,0.30434782608695654,0.13725490196078433,1.0,0.5384615384615384,0.25925925925925924
a luggage tag that says 'Vacation Bound',0.8666666666666667,1.0,1.0,0.75,0.8484848484848485,0.9655172413793104,0.9629629629629629,1.0,0.9655172413793104,0.8571428571428571,0.4745762711864407,0.9629629629629629,1.0,1.0,0.9655172413793104,0.9285714285714286,0.8235294117647058,0.52,1.0,1.0,1.0,1.0,0.9285714285714286,0.896551724137931,0.9655172413793104
A wooden door with a brass nameplate that says 'Dr. Evans'.,0.0,0.9411764705882353,1.0,0.8888888888888888,1.0,0.9411764705882353,0.8888888888888888,1.0,0.8235294117647058,0.8888888888888888,1.0,0.9,1.0,1.0,0.8888888888888888,0.8888888888888888,0.9473684210526315,0.8888888888888888,0.9473684210526315,0.8888888888888888,0.875,1.0,1.0,0.8888888888888888,1.0
a messenger bag with 'Urban Style' printed on it,0.13333333333333333,0.4,0.125,0.2222222222222222,0.375,0.3333333333333333,1.0,0.375,1.0,1.0,1.0,1.0,0.2608695652173913,0.375,1.0,1.0,1.0,0.3333333333333333,0.13333333333333333,0.375,0.125,0.3333333333333333,0.375,0.375,0.375
a flyer advertising 'Pizza Sale Today',0.08913649025069638,0.10094637223974763,0.09169054441260745,0.08743169398907104,0.11347517730496454,0.09907120743034056,0.09696969696969697,0.093841642228739,0.093841642228739,0.12355212355212356,0.1095890410958904,0.10727969348659004,0.12075471698113208,0.09580838323353294,0.9333333333333333,0.1032258064516129,0.11149825783972125,0.07017543859649122,0.10738255033557047,0.07390300230946882,0.15151515151515152,0.09785932721712538,0.07028753993610223,0.10423452768729642,0.10273972602739725
A police car with the word 'POLICE' written on the side.,0.4444444444444444,0.2222222222222222,0.3333333333333333,0.5,0.2926829268292683,0.5882352941176471,0.375,0.2857142857142857,0.23076923076923078,1.0,0.38461538461538464,0.2,0.45454545454545453,0.14285714285714285,0.3076923076923077,0.27906976744186046,0.5263157894736842,0.631578947368421,0.23529411764705882,1.0,0.35294117647058826,1.0,0.8333333333333334,0.2553191489361702,0.32
a greeting card saying 'Thank You',0.8235294117647058,0.5333333333333333,0.5333333333333333,0.6666666666666666,0.8888888888888888,0.7058823529411765,0.5,0.5333333333333333,0.5,0.625,0.6666666666666666,0.47058823529411764,0.7058823529411765,0.5333333333333333,0.8421052631578947,0.375,0.75,0.5882352941176471,0.5333333333333333,0.7058823529411765,0.9473684210526315,0.7777777777777778,0.7058823529411765,0.625,0.7058823529411765
a menu board outside a small street café displaying the phrase 'fresh soup today',0.03400637619553666,0.03814064362336114,0.04155844155844156,0.03292181069958848,0.03587443946188341,0.02518891687657431,0.037037037037037035,0.036322360953461974,0.03444564047362755,0.03636363636363636,0.030895983522142123,0.03343782654127482,0.032160804020100506,0.04177545691906005,0.9142857142857143,0.026785714285714284,0.12972972972972974,0.06751054852320675,0.05228758169934641,0.028699551569506727,0.03088803088803089,0.04040404040404041,0.03282051282051282,0.04020100502512563,0.03532008830022075
a person jogging along a city sidewalk wearing a shirt that says 'Run Free',0.875,0.9411764705882353,0.9333333333333333,0.9333333333333333,0.8235294117647058,0.9333333333333333,0.8235294117647058,0.875,0.9333333333333333,0.8235294117647058,0.9333333333333333,0.9333333333333333,0.9333333333333333,0.9333333333333333,1.0,0.9333333333333333,0.875,0.9333333333333333,0.9333333333333333,0.9333333333333333,0.875,0.9333333333333333,0.875,0.875,0.9333333333333333
"A person looking at their smartwatch, which displays the message 'New Notification'.",0.39473684210526316,0.625,0.6976744186046512,0.3492063492063492,0.6511627906976745,0.4230769230769231,0.7777777777777778,0.9032258064516129,0.3561643835616438,0.4057971014492754,0.6,0.7777777777777778,0.44776119402985076,0.9333333333333333,0.9333333333333333,0.39215686274509803,0.3013698630136986,0.46153846153846156,0.4,0.3157894736842105,0.7,0.5283018867924528,0.2571428571428571,0.6511627906976745,0.8108108108108109
"A handwritten note that says 'I Owe You' in messy, scrawled, quick handwriting.",0.875,0.875,0.875,0.875,0.5833333333333334,0.875,0.5185185185185185,0.875,0.875,0.875,0.5,0.875,0.875,0.6363636363636364,1.0,0.875,0.34146341463414637,0.5,0.875,0.875,0.7777777777777778,0.875,0.875,0.875,0.56
a pen with 'Bank of America' written on it,0.7857142857142857,0.9375,0.8666666666666667,1.0,0.8666666666666667,0.9655172413793104,0.9333333333333333,1.0,0.9333333333333333,0.896551724137931,0.9333333333333333,1.0,0.9333333333333333,0.875,0.9655172413793104,1.0,0.7058823529411765,0.896551724137931,0.7741935483870968,0.9032258064516129,0.9333333333333333,1.0,0.8275862068965517,1.0,1.0
a flag with 'Welcome Home' written on it,1.0,1.0,1.0,1.0,1.0,1.0,1.0,1.0,1.0,1.0,1.0,1.0,1.0,1.0,1.0,1.0,1.0,1.0,1.0,1.0,1.0,1.0,1.0,1.0,1.0
a news broadcast set with cameras and screens in the background and a headline that reads 'breaking: storm alert',0.8,0.7567567567567568,0.42857142857142855,0.975609756097561,0.975609756097561,0.95,0.975609756097561,0.975609756097561,0.975609756097561,0.8888888888888888,0.975609756097561,0.8695652173913043,0.975609756097561,0.975609756097561,0.46153846153846156,0.9523809523809523,0.975609756097561,0.8636363636363636,0.8695652173913043,0.9090909090909091,0.723404255319149,0.975609756097561,0.8085106382978723,0.975609756097561,0.975609756097561
a price tag showing '$9.99',0.6,0.6,0.6,0.6,0.6,0.36363636363636365,0.6,0.6,0.6,0.6,0.6,0.6,0.6,0.6,0.25,0.6,0.36363636363636365,0.6,0.36363636363636365,0.6,0.6,0.3333333333333333,0.6,0.6,0.6
a mailbox standing at the end of a gravel driveway with '27 river road' painted on the side,0.42424242424242425,0.6451612903225806,0.7272727272727273,0.6,0.9629629629629629,0.8275862068965517,0.7692307692307693,0.5925925925925926,0.6086956521739131,0.625,0.5925925925925926,0.6923076923076923,0.5161290322580645,0.8148148148148148,0.75,0.64,0.96,0.7692307692307693,0.9166666666666666,0.72,0.9230769230769231,0.6666666666666666,0.6470588235294118,0.7692307692307693,0.5185185185185185
A colorful storefront with a sign that says 'Flower Shop'.,0.29411764705882354,0.35555555555555557,0.6153846153846154,0.6060606060606061,0.32727272727272727,0.47058823529411764,0.64,1.0,0.24175824175824176,0.8695652173913043,0.6666666666666666,0.9090909090909091,0.9090909090909091,1.0,0.48,0.9565217391304348,0.64,0.6086956521739131,0.5,0.8695652173913043,0.32558139534883723,0.9565217391304348,0.625,0.6666666666666666,0.9090909090909091
a raccoon exploring a trash bin in an alley next to a warning sign that says 'no feeding wildlife',0.8085106382978723,0.723404255319149,0.6792452830188679,0.7346938775510204,0.8260869565217391,0.76,0.7755102040816326,0.7755102040816326,0.7555555555555555,0.8085106382978723,0.8260869565217391,0.8571428571428571,0.7916666666666666,0.8780487804878049,0.26666666666666666,0.7916666666666666,0.6938775510204082,0.782608695652174,0.7391304347826086,0.8085106382978723,0.8085106382978723,0.6545454545454545,0.7727272727272727,0.76,0.7555555555555555
a red apple on a wooden table with a sticker that says 'organic',0.2857142857142857,0.6666666666666666,0.6666666666666666,0.6666666666666666,0.358974358974359,0.45454545454545453,0.4,0.4827586206896552,0.5454545454545454,1.0,0.56,0.6666666666666666,0.6666666666666666,0.3684210526315789,0.5714285714285714,0.8571428571428571,0.25,0.3225806451612903,0.6666666666666666,0.36363636363636365,0.47619047619047616,0.3783783783783784,0.3333333333333333,0.6666666666666666,0.6363636363636364
a notebook with 'My Ideas' on the cover,0.5882352941176471,0.5,0.5,0.5555555555555556,0.5555555555555556,0.5555555555555556,0.5555555555555556,0.3870967741935484,0.3076923076923077,0.3333333333333333,0.7619047619047619,0.42857142857142855,0.5555555555555556,0.4,0.0,0.5217391304347826,0.64,0.6956521739130435,0.5555555555555556,0.5555555555555556,0.8888888888888888,0.5555555555555556,0.5,0.5555555555555556,0.8888888888888888
a scarf with 'Paris' embroidered on it,0.0,1.0,0.0,1.0,0.8,0.0,0.0,0.0,0.0,1.0,0.0,0.0,0.0,1.0,1.0,0.0,0.0,0.0,0.6666666666666666,0.0,0.0,0.0,1.0,1.0,0.0
a plane flying above the clouds during sunset with 'SKYLINE' written on its tail,0.6666666666666666,0.7368421052631579,0.6666666666666666,0.5384615384615384,0.6363636363636364,0.56,0.6363636363636364,0.7142857142857143,0.56,0.9333333333333333,0.5833333333333334,0.6086956521739131,0.5833333333333334,0.5185185185185185,0.0,0.6363636363636364,1.0,1.0,0.5833333333333334,1.0,1.0,0.5833333333333334,0.6363636363636364,0.6363636363636364,0.56
an apron with 'Chef in Training' written on it,0.9032258064516129,1.0,1.0,0.8571428571428571,1.0,1.0,1.0,1.0,1.0,0.9375,1.0,1.0,0.875,0.9032258064516129,0.0,0.967741935483871,1.0,1.0,1.0,1.0,0.8571428571428571,1.0,1.0,0.967741935483871,0.9142857142857143
a chef preparing vegetables in a modern kitchen with an apron that says 'Plant Powered',0.34285714285714286,0.3582089552238806,0.2318840579710145,0.3870967741935484,0.3870967741935484,0.12987012987012986,0.36363636363636365,0.375,0.3870967741935484,0.48,0.3287671232876712,0.34375,0.36923076923076925,0.2727272727272727,1.0,0.4444444444444444,0.20833333333333334,0.43636363636363634,0.39344262295081966,0.38095238095238093,0.35294117647058826,0.4,0.6666666666666666,0.3076923076923077,0.27692307692307694
a rulebook titled 'Game Rules',0.014659685863874346,0.21739130434782608,0.01749271137026239,0.031067961165048542,0.01990049751243781,0.03902439024390244,0.02224694104560623,0.021413276231263382,0.02976190476190476,0.03005008347245409,0.017077798861480076,0.014796547472256474,0.023668639053254437,0.052770448548812667,0.5,0.015817223198594025,0.033734939759036145,0.02810304449648712,0.020156774916013438,0.08695652173913043,0.175,0.01680672268907563,0.4,0.02643171806167401,0.013082583810302535
A close-up of a car's dashboard with the digital speedometer reading '70 MPH'.,0.1511627906976744,0.0967741935483871,0.17,0.09278350515463918,0.1511627906976744,0.15294117647058825,0.12698412698412698,0.08648648648648649,0.1797752808988764,0.14583333333333334,0.06694560669456066,0.043478260869565216,0.17297297297297298,0.1032258064516129,0.13636363636363635,0.1477832512315271,0.18333333333333332,0.16666666666666666,0.14689265536723164,0.10869565217391304,0.1306532663316583,0.0821917808219178,0.11363636363636363,0.04,0.08536585365853659
an apron with 'Chef in Training' written on it,1.0,1.0,1.0,1.0,0.9375,1.0,0.9375,1.0,1.0,1.0,0.9375,1.0,0.9375,0.9375,1.0,1.0,1.0,1.0,0.9375,0.9375,0.9375,0.9375,0.9375,0.9375,0.9696969696969697
a wristband reading 'Music Festival',0.0,0.0,0.0,0.11764705882352941,0.0,0.0,0.2727272727272727,0.0,0.0,0.0,0.0,0.0,0.3,0.23529411764705882,0.0,0.0,0.0,0.0,0.0,0.0,0.17391304347826086,0.0,0.0,0.0,0.0
an envelope addressed 'To: John Smith',0.23853211009174313,0.23214285714285715,0.1984732824427481,0.24742268041237114,0.28865979381443296,0.2736842105263158,0.12935323383084577,0.24299065420560748,0.22807017543859648,0.2736842105263158,0.25,0.203125,0.25742574257425743,0.2524271844660194,0.8275862068965517,0.23636363636363636,0.22413793103448276,0.24074074074074073,0.22608695652173913,0.26373626373626374,0.22608695652173913,0.2708333333333333,0.23423423423423423,0.19607843137254902,0.22033898305084745
a scarf with 'Paris' embroidered on it,1.0,1.0,0.8888888888888888,0.6666666666666666,0.4444444444444444,0.625,0.8,0.5454545454545454,0.8,0.0,0.4444444444444444,1.0,0.8888888888888888,0.8888888888888888,1.0,0.0,0.8888888888888888,0.4,0.0,1.0,1.0,0.5454545454545454,0.6,0.8,1.0
a sticky note with 'Call Mom' written on it,1.0,1.0,0.8888888888888888,0.9411764705882353,1.0,0.8888888888888888,1.0,0.9411764705882353,1.0,1.0,1.0,1.0,1.0,0.8888888888888888,0.0,1.0,0.9411764705882353,1.0,0.9411764705882353,1.0,1.0,0.8888888888888888,1.0,1.0,1.0
a magazine with 'Sports Weekly' on the cover,0.03787878787878788,0.026881720430107527,0.02403204272363151,0.07202216066481995,0.05896805896805897,0.07079646017699115,0.019342359767891684,0.03110419906687403,0.04180064308681672,0.04680851063829787,0.05,0.08196721311475409,0.04975124378109453,0.0486815415821501,0.6428571428571429,0.043859649122807015,0.06265060240963856,0.058165548098434,0.06172839506172839,0.10465116279069768,0.09561752988047809,0.05405405405405406,0.0670391061452514,0.0395738203957382,0.03644646924829157
an elastic band with 'Stretch & Fit' printed on it,0.5185185185185185,0.5,0.56,0.42857142857142855,0.56,0.26666666666666666,0.56,0.3076923076923077,0.56,0.56,0.4666666666666667,0.56,0.5384615384615384,0.5384615384615384,0.3076923076923077,0.5384615384615384,0.4666666666666667,0.5,0.5384615384615384,0.5185185185185185,0.3225806451612903,0.56,0.5185185185185185,0.5384615384615384,0.5384615384615384
a hoodie with 'California' written on it,0.5882352941176471,0.8,0.7777777777777778,0.6666666666666666,0.5555555555555556,0.631578947368421,0.6666666666666666,0.5555555555555556,0.7,0.6666666666666666,0.631578947368421,0.7368421052631579,0.7058823529411765,0.6666666666666666,0.7,0.5555555555555556,0.5555555555555556,0.5882352941176471,0.5,0.5882352941176471,0.5555555555555556,0.5882352941176471,0.7368421052631579,0.7,0.47058823529411764
a young girl holding a bunch of balloons with one balloon labeled 'happy day',0.8,0.5263157894736842,0.45454545454545453,0.42105263157894735,0.5555555555555556,0.5263157894736842,0.3333333333333333,0.2857142857142857,0.5,0.5263157894736842,0.3076923076923077,0.7777777777777778,0.4,0.5263157894736842,1.0,0.8421052631578947,0.5263157894736842,0.3157894736842105,0.7368421052631579,0.2222222222222222,0.47619047619047616,0.5555555555555556,0.8888888888888888,0.4,0.3
a label that says 'Organic',0.6666666666666666,0.6086956521739131,0.6086956521739131,0.6363636363636364,0.6086956521739131,0.6086956521739131,0.6086956521739131,0.6363636363636364,0.6086956521739131,0.7368421052631579,0.6363636363636364,0.6363636363636364,0.6666666666666666,0.6363636363636364,0.6086956521739131,0.6086956521739131,0.5454545454545454,0.6666666666666666,0.6363636363636364,1.0,0.5714285714285714,0.6363636363636364,0.6363636363636364,0.6363636363636364,0.6086956521739131
a chameleon resting on a leafy branch next to a wooden sign that says 'camouflage expert',0.8387096774193549,0.7333333333333333,0.8387096774193549,0.8823529411764706,0.8823529411764706,0.36363636363636365,0.8823529411764706,0.7741935483870968,0.9142857142857143,0.75,0.7096774193548387,0.7741935483870968,0.7096774193548387,0.7741935483870968,0.0,0.6153846153846154,0.8333333333333334,0.8484848484848485,0.7741935483870968,0.3076923076923077,0.9032258064516129,0.9032258064516129,0.48,0.8387096774193549,0.875
"A certificate that says 'Certificate of Achievement' in an old English, blackletter font.",0.24806201550387597,0.1572052401746725,0.09785932721712538,0.12101910828025478,0.12624584717607973,0.15637860082304528,0.1359773371104816,0.09375,0.147239263803681,0.10970464135021098,0.16176470588235295,0.12849162011173185,0.2155688622754491,0.43478260869565216,0.6086956521739131,0.13125,0.0916030534351145,0.11080332409972299,0.11475409836065574,0.2111801242236025,0.1242603550295858,0.10194174757281553,0.2638888888888889,0.11764705882352941,0.1337579617834395
"A shop sign that says 'Antiques' in an old-fashioned, Victorian-era font.",0.9333333333333333,0.6363636363636364,0.6363636363636364,0.6666666666666666,0.6666666666666666,0.9333333333333333,0.9333333333333333,0.6363636363636364,0.8235294117647058,0.7777777777777778,0.9333333333333333,0.9333333333333333,0.8235294117647058,0.9333333333333333,0.9333333333333333,0.5384615384615384,0.46153846153846156,0.4444444444444444,0.9333333333333333,0.7777777777777778,0.9333333333333333,0.9333333333333333,0.18666666666666668,0.9333333333333333,0.5833333333333334
a magazine with 'Sports Weekly' on the cover,0.044444444444444446,0.036281179138321996,0.05673758865248227,0.06629834254143646,0.04669260700389105,0.03090507726269316,0.04426559356136821,0.04128440366972477,0.03441682600382409,0.03524229074889868,0.04825737265415549,0.04205607476635514,0.06004618937644342,0.043668122270742356,0.2033898305084746,0.05851063829787234,0.072992700729927,0.052478134110787174,0.052884615384615384,0.049079754601226995,0.029339853300733496,0.07103825136612021,0.05994550408719346,0.05922551252847381,0.061224489795918366
a book with 'Adventure Stories' on the cover,0.25210084033613445,0.21428571428571427,0.18803418803418803,0.22695035460992907,0.27184466019417475,0.17721518987341772,0.2318840579710145,0.2111801242236025,0.2318840579710145,0.24060150375939848,0.2222222222222222,0.24793388429752067,0.22900763358778625,0.23703703703703705,1.0,0.18666666666666668,0.3125,0.35714285714285715,0.22900763358778625,0.16216216216216217,0.14166666666666666,0.2777777777777778,0.2,0.272,0.23357664233576642
a hat with 'Beach Life' embroidered on it,0.7777777777777778,0.5,0.7368421052631579,0.631578947368421,0.6666666666666666,0.5,0.7,0.42105263157894735,0.6666666666666666,0.7058823529411765,0.5555555555555556,0.8421052631578947,0.8421052631578947,0.7368421052631579,0.9,0.47058823529411764,0.35294117647058826,0.2857142857142857,0.47058823529411764,0.9473684210526315,0.9473684210526315,0.23529411764705882,0.3157894736842105,0.7777777777777778,0.9
A computer monitor displaying green lines of programming code.,0.06060606060606061,0.07100591715976332,0.18421052631578946,0.14689265536723164,0.11594202898550725,0.029411764705882353,0.02857142857142857,0.14084507042253522,0.0,0.0,0.11428571428571428,0.05970149253731343,0.13414634146341464,0.16666666666666666,0.0,0.07512953367875648,0.08823529411764706,0.06060606060606061,0.06099815157116451,0.0,0.0,0.17142857142857143,0.0,0.0625,0.16
a roadside billboard on a foggy morning with an ad that says 'start your journey',0.27692307692307694,0.8421052631578947,0.6829268292682927,0.4864864864864865,0.53125,0.3130434782608696,0.5142857142857142,0.6153846153846154,0.49230769230769234,0.53125,0.5,0.44155844155844154,0.4507042253521127,0.5660377358490566,0.0,0.8888888888888888,0.8717948717948718,0.7111111111111111,0.6666666666666666,0.35555555555555557,0.39344262295081966,0.5,0.8571428571428571,0.6415094339622641,0.5454545454545454
a bandana with 'Wild West' printed on it,0.16666666666666666,0.6956521739130435,0.9411764705882353,0.16666666666666666,0.7368421052631579,0.7777777777777778,0.5714285714285714,0.8421052631578947,0.0,0.0,0.6363636363636364,0.3076923076923077,0.0,0.0,1.0,0.0,0.4,0.25,0.8235294117647058,0.14285714285714285,0.16666666666666666,0.2857142857142857,0.0,0.0,0.6363636363636364
a patch with 'Explorer' written on it,1.0,0.9333333333333333,0.875,1.0,0.9411764705882353,0.8888888888888888,1.0,1.0,0.35555555555555557,1.0,0.9411764705882353,1.0,0.9411764705882353,0.9411764705882353,1.0,1.0,1.0,0.8888888888888888,1.0,1.0,1.0,0.9411764705882353,0.9411764705882353,1.0,1.0
A restaurant check on a table with a handwritten signature and tip amount.,0.22950819672131148,0.11764705882352941,0.2360248447204969,0.18410041841004185,0.21621621621621623,0.09523809523809523,0.1935483870967742,0.2074074074074074,0.2708333333333333,0.208955223880597,0.12121212121212122,0.22641509433962265,0.21714285714285714,0.16161616161616163,0.20754716981132076,0.2261904761904762,0.09782608695652174,0.1871345029239766,0.21,0.22702702702702704,0.03571428571428571,0.26506024096385544,0.215962441314554,0.15311004784688995,0.16289592760180996
a green water bottle on a bench with the brand name 'freshflow',0.8421052631578947,0.8888888888888888,0.5625,0.7777777777777778,1.0,0.8888888888888888,0.35294117647058826,0.6206896551724138,0.8235294117647058,0.8421052631578947,0.27692307692307694,0.5142857142857142,0.782608695652174,0.7777777777777778,0.0,1.0,0.9473684210526315,0.9473684210526315,0.5,0.9473684210526315,0.6666666666666666,1.0,0.35294117647058826,0.75,1.0
"A sign that says 'WANTED' in a rustic, western, wood-block font.",1.0,1.0,1.0,1.0,1.0,0.8333333333333334,0.8333333333333334,1.0,1.0,1.0,1.0,1.0,1.0,1.0,0.8333333333333334,1.0,0.9090909090909091,0.4444444444444444,1.0,0.8333333333333334,1.0,1.0,0.7272727272727273,0.6666666666666666,1.0
A close-up of a person's forearm with a tattoo of a quote.,0.1830065359477124,0.30120481927710846,0.20253164556962025,0.2484472049689441,0.294478527607362,0.2926829268292683,0.15853658536585366,0.2727272727272727,0.23529411764705882,0.3087248322147651,0.16455696202531644,0.21052631578947367,0.2484472049689441,0.24161073825503357,0.0,0.21176470588235294,0.2111801242236025,0.15267175572519084,0.2550335570469799,0.2054794520547945,0.1935483870967742,0.1935483870967742,0.12631578947368421,0.21686746987951808,0.1696969696969697
a cap with 'NYC' embroidered on it,1.0,0.8571428571428571,1.0,1.0,0.6666666666666666,1.0,1.0,1.0,0.6666666666666666,1.0,1.0,1.0,1.0,1.0,1.0,1.0,0.8571428571428571,1.0,1.0,1.0,0.6666666666666666,0.8571428571428571,0.6666666666666666,1.0,1.0
A person holding a protest sign that reads 'PEACE NOW'.,1.0,1.0,1.0,1.0,1.0,1.0,1.0,1.0,1.0,1.0,1.0,1.0,1.0,1.0,1.0,1.0,1.0,1.0,1.0,1.0,1.0,1.0,1.0,1.0,1.0
an instruction sheet titled 'Assembly Guide',0.011494252873563218,0.010077519379844961,0.008612123219609143,0.008466888418506199,0.008725459644749143,0.009566108643662453,0.00809950824414232,0.01317027281279398,0.009364548494983277,0.00980761976612599,0.009402283411685695,0.008455284552845528,0.008089607965152458,0.011555922410235245,0.0,0.00838439213157046,0.011574074074074073,0.018205461638491547,0.009097270818754374,0.009592326139088728,0.024459078080903106,0.010727969348659003,0.01061410159211524,0.009186351706036745,0.007819548872180452
A wooden crate with 'PROPERTY OF U.S. ARMY' stenciled on the side.,0.9,0.9047619047619048,0.975609756097561,0.7755102040816326,0.9,0.926829268292683,0.926829268292683,0.926829268292683,0.926829268292683,0.975609756097561,0.9767441860465116,0.926829268292683,0.926829268292683,0.9,0.24,0.9047619047619048,0.95,0.926829268292683,0.926829268292683,0.975609756097561,0.9090909090909091,0.8780487804878049,0.926829268292683,0.9767441860465116,0.8780487804878049
a patch with 'Explorer' written on it,1.0,1.0,1.0,1.0,1.0,1.0,1.0,1.0,1.0,1.0,1.0,1.0,1.0,1.0,1.0,1.0,1.0,1.0,1.0,1.0,1.0,1.0,1.0,1.0,1.0
a turtle on a sandy beach near the water with a small sign that says 'nesting area',0.0,0.7333333333333333,0.0,0.5833333333333334,0.8695652173913043,0.0,1.0,0.0,0.0,0.0,0.32,1.0,1.0,0.0,0.3333333333333333,1.0,1.0,0.0,0.75,0.0,0.96,0.8,0.0,1.0,0.9565217391304348
a package with 'Express Delivery' on it,0.967741935483871,0.967741935483871,0.5,0.8275862068965517,0.3516483516483517,0.9032258064516129,1.0,0.967741935483871,0.967741935483871,0.8666666666666667,0.6818181818181818,0.75,1.0,0.967741935483871,0.967741935483871,0.9696969696969697,0.9375,0.9333333333333333,0.967741935483871,0.875,0.3225806451612903,1.0,0.8,0.967741935483871,0.3595505617977528
a recipe card titled 'Chocolate Cake',0.2857142857142857,0.11522633744855967,0.2,0.08064516129032258,0.16352201257861634,0.12389380530973451,0.11336032388663968,0.22448979591836735,0.16216216216216217,0.2616822429906542,0.11555555555555555,0.10810810810810811,0.1078838174273859,0.27586206896551724,0.6206896551724138,0.2857142857142857,0.1187214611872146,0.11162790697674418,0.25,0.26373626373626374,0.32941176470588235,0.13333333333333333,0.10091743119266056,0.2891566265060241,0.23880597014925373
"A page from a novel, filled with dense paragraphs of text.",0.009240477800315528,0.005118755118755119,0.008472824963835503,0.006400640064006401,0.005202813373157337,0.008633093525179856,0.005537974683544304,0.008899297423887589,0.008386669609357758,0.00915617521589845,0.005443411204354729,0.010071942446043165,0.009104330708661417,0.010942760942760943,0.0,0.006801864214636604,0.125,0.006290721186250281,0.011237217664906169,0.008514779223938694,0.017501508750754374,0.00767590618336887,0.00882592033445593,0.008816256316525104,0.007856341189674524
a jersey with number '10' on it,0.0,0.0,0.0,0.0,0.6666666666666666,0.25,0.0,0.0,0.0,0.0,0.2857142857142857,0.0,0.3333333333333333,0.4,0.4,0.0,0.0,0.5,0.0,0.0,0.0,0.0,0.0,0.2857142857142857,0.0
a boy flying a kite in an open field with the words 'sky dreamer' written on the kite,0.7407407407407407,0.9166666666666666,0.9565217391304348,0.9090909090909091,0.7368421052631579,1.0,0.5263157894736842,0.9166666666666666,0.9565217391304348,0.25,0.9523809523809523,0.9090909090909091,1.0,0.9565217391304348,0.0,0.9090909090909091,0.6956521739130435,0.9565217391304348,0.5238095238095238,0.9523809523809523,1.0,1.0,0.9090909090909091,0.8695652173913043,1.0
a brown dog sitting on a sidewalk wearing a tag that says 'buddy',0.4,1.0,1.0,0.7692307692307693,1.0,0.8333333333333334,1.0,1.0,1.0,1.0,1.0,1.0,0.8333333333333334,1.0,1.0,1.0,1.0,1.0,1.0,1.0,1.0,1.0,1.0,1.0,1.0
a shoe with 'Nike' on the side,0.4444444444444444,0.0,0.0,0.0,0.0,0.0,0.0,0.4444444444444444,0.0,0.0,0.0,0.0,0.0,0.0,0.0,0.0,0.0,0.0,0.0,0.8571428571428571,0.15384615384615385,0.0,0.0,0.1111111111111111,0.0
a mug with 'Coffee Lover' written on it,1.0,1.0,1.0,0.9230769230769231,1.0,1.0,1.0,1.0,1.0,1.0,1.0,1.0,0.9230769230769231,1.0,1.0,1.0,1.0,1.0,1.0,1.0,1.0,0.9230769230769231,1.0,1.0,1.0
a bakery display with fresh pastries and bread and a sign that says 'Fresh Baked Daily',1.0,0.6122448979591837,0.7111111111111111,0.9714285714285714,0.9714285714285714,0.9444444444444444,1.0,0.918918918918919,0.9444444444444444,0.85,1.0,0.5666666666666667,0.9142857142857143,0.7804878048780488,0.7272727272727273,0.4594594594594595,0.8095238095238095,0.9714285714285714,1.0,0.9714285714285714,0.6037735849056604,1.0,0.9444444444444444,0.425,0.9714285714285714
A storefront with 'OPEN' written in large neon letters in the window.,1.0,1.0,1.0,1.0,1.0,1.0,1.0,0.23529411764705882,1.0,1.0,1.0,1.0,0.8888888888888888,1.0,1.0,1.0,0.32,1.0,1.0,1.0,1.0,1.0,0.6153846153846154,1.0,1.0
a delivery drone resting on a landing pad with the label 'express courier' on its side,0.8387096774193549,0.5142857142857142,0.3125,0.4666666666666667,0.8666666666666667,0.47058823529411764,0.4666666666666667,0.4375,0.4666666666666667,0.48484848484848486,0.4375,0.45161290322580644,0.48484848484848486,0.5161290322580645,0.47058823529411764,0.45161290322580644,0.41025641025641024,0.35294117647058826,0.36363636363636365,0.4666666666666667,0.4375,0.4117647058823529,0.5161290322580645,0.8125,0.4375
a laptop sticker that says 'Code Life',0.42857142857142855,0.3333333333333333,0.6428571428571429,1.0,0.48,0.45161290322580644,0.25,0.16666666666666666,0.22727272727272727,0.2127659574468085,0.5517241379310345,0.5263157894736842,0.8888888888888888,0.7777777777777778,0.8888888888888888,0.5806451612903226,0.4444444444444444,0.3076923076923077,0.23076923076923078,0.5,0.6,0.7777777777777778,0.18604651162790697,0.24,0.48484848484848486
a hiker resting at the edge of a mountain cliff with a backpack patch that reads 'WANDER',0.3076923076923077,0.0,1.0,1.0,0.8,1.0,1.0,0.8333333333333334,1.0,0.0,1.0,0.0,1.0,0.0,0.0,1.0,0.9090909090909091,1.0,0.8,0.8,1.0,0.0,0.9230769230769231,1.0,1.0
an instruction sheet titled 'Assembly Guide',0.29473684210526313,0.03927068723702665,0.022727272727272728,0.03139013452914798,0.07926829268292683,0.24778761061946902,0.0436817472698908,0.025547445255474453,0.33766233766233766,0.023231256599788808,0.023026315789473683,0.025925925925925925,0.16560509554140126,0.02432179607109448,1.0,0.029288702928870293,0.2736842105263158,0.053830227743271224,0.022151898734177215,0.8,0.15217391304347827,0.029227557411273485,0.03872752420470263,0.030197444831591175,0.04154302670623145
a shopping bag with 'Thank You' printed on it,1.0,0.7777777777777778,0.7777777777777778,1.0,1.0,1.0,0.8888888888888888,1.0,1.0,1.0,0.8888888888888888,1.0,0.8888888888888888,0.8888888888888888,1.0,1.0,0.7777777777777778,0.9473684210526315,0.8888888888888888,0.8888888888888888,0.8888888888888888,0.9411764705882353,1.0,0.9473684210526315,0.8888888888888888
"A brand name 'COLA' in an elegant, flowing, script font.",1.0,1.0,1.0,1.0,1.0,1.0,1.0,1.0,1.0,1.0,0.8571428571428571,1.0,1.0,1.0,1.0,1.0,1.0,0.75,0.75,0.75,1.0,1.0,0.75,1.0,1.0
A university building with 'LIBRARY' carved in stone above the entrance.,0.358974358974359,0.6,0.9333333333333333,0.9333333333333333,0.2857142857142857,0.3448275862068966,0.6,0.5882352941176471,1.0,0.5,0.875,0.5882352941176471,0.6,0.3111111111111111,1.0,0.26666666666666666,0.22857142857142856,0.30434782608695654,0.9333333333333333,0.3333333333333333,1.0,0.6,0.3125,0.6,0.1935483870967742
A bottle of wine with a label that reads 'Chateau Merlot 2021'.,0.7307692307692307,0.4,0.5205479452054794,0.7755102040816326,0.5671641791044776,0.8780487804878049,0.3917525773195876,0.4523809523809524,0.5671641791044776,0.926829268292683,0.4691358024691358,0.36538461538461536,0.5,0.45569620253164556,0.972972972972973,0.4470588235294118,0.6551724137931034,0.5066666666666667,0.6229508196721312,0.5428571428571428,1.0,0.9473684210526315,0.4935064935064935,0.5454545454545454,0.391304347826087
a laptop sticker that says 'Code Life',0.6153846153846154,0.4444444444444444,0.2564102564102564,0.36363636363636365,0.4,0.5714285714285714,0.6153846153846154,0.37037037037037035,0.9473684210526315,0.5714285714285714,0.2777777777777778,0.6666666666666666,0.2926829268292683,0.9473684210526315,1.0,0.4,0.8235294117647058,0.8888888888888888,0.25,0.6153846153846154,1.0,0.9411764705882353,0.9473684210526315,0.9473684210526315,0.9
a whiteboard with 'Meeting at 3pm' written on it,0.6923076923076923,0.896551724137931,0.896551724137931,0.9655172413793104,0.9655172413793104,0.8148148148148148,0.8148148148148148,0.9285714285714286,0.9285714285714286,0.8461538461538461,0.9655172413793104,0.896551724137931,0.9655172413793104,0.8888888888888888,0.0,0.8148148148148148,1.0,0.9655172413793104,0.9655172413793104,0.8888888888888888,0.0,0.896551724137931,1.0,1.0,0.9285714285714286
a coffee mug sitting on a cluttered desk with 'JAVA FUEL' printed on the side,0.8888888888888888,1.0,1.0,0.5384615384615384,0.9473684210526315,0.4444444444444444,0.9473684210526315,1.0,0.8421052631578947,1.0,1.0,0.9,0.391304347826087,0.8888888888888888,0.9473684210526315,0.9473684210526315,0.8888888888888888,0.8888888888888888,0.09523809523809523,0.9473684210526315,1.0,0.8888888888888888,1.0,0.9473684210526315,0.8181818181818182
a form titled 'Job Application',0.09859154929577464,0.058365758754863814,0.05235602094240838,0.055658627087198514,0.09009009009009009,0.047244094488188976,0.055762081784386616,0.06369426751592357,0.06299212598425197,0.09584664536741214,0.07142857142857142,0.060240963855421686,0.18633540372670807,0.08042895442359249,1.0,0.05671077504725898,0.05110732538330494,0.06818181818181818,0.08620689655172414,0.1477832512315271,0.09174311926605505,0.05357142857142857,0.0577319587628866,0.0759493670886076,0.05747126436781609
a blue backpack lying on the ground with a patch that says 'camp day',1.0,1.0,1.0,0.9411764705882353,1.0,1.0,1.0,1.0,0.9411764705882353,0.9411764705882353,1.0,1.0,0.5,0.5,1.0,0.9411764705882353,1.0,0.5,1.0,0.9411764705882353,1.0,1.0,0.9411764705882353,0.9411764705882353,1.0
a greeting card saying 'Thank You',1.0,1.0,1.0,0.9473684210526315,0.9473684210526315,0.8888888888888888,1.0,1.0,0.9473684210526315,1.0,1.0,0.9473684210526315,0.9473684210526315,0.9473684210526315,1.0,1.0,1.0,0.8888888888888888,1.0,0.7,0.8888888888888888,0.9473684210526315,1.0,0.9473684210526315,1.0
a closed cardboard box on a warehouse shelf with the sticker 'handle with care',0.6976744186046512,0.29333333333333333,0.35555555555555557,0.2857142857142857,0.34408602150537637,0.3047619047619048,0.9142857142857143,0.32967032967032966,0.3950617283950617,0.3137254901960784,0.8205128205128205,0.47058823529411764,1.0,0.45714285714285713,0.967741935483871,0.4507042253521127,0.6818181818181818,0.3764705882352941,0.3684210526315789,0.4444444444444444,0.5245901639344263,0.38095238095238093,0.8648648648648649,0.3902439024390244,0.37037037037037035
a bumper sticker reading 'Road Trip',0.5,1.0,0.12162162162162163,0.16470588235294117,1.0,0.24242424242424243,0.375,0.3673469387755102,0.6666666666666666,0.72,0.33962264150943394,0.4186046511627907,0.3050847457627119,0.5142857142857142,1.0,0.25806451612903225,0.5142857142857142,0.782608695652174,0.3673469387755102,1.0,1.0,0.45,1.0,0.32142857142857145,0.32727272727272727
a beach umbrella stuck in the sand with a tag that says 'sun safe',0.64,0.0,0.0,0.0,0.6,0.0,0.42105263157894735,1.0,1.0,0.0,0.0,0.8,0.7142857142857143,0.46153846153846156,0.7058823529411765,0.0,0.0,0.2857142857142857,0.4,0.0,0.9411764705882353,0.0,1.0,0.0,0.0
a package with 'Express Delivery' on it,0.9696969696969697,1.0,1.0,1.0,1.0,1.0,0.9696969696969697,0.9696969696969697,1.0,1.0,0.9696969696969697,0.9696969696969697,0.9696969696969697,1.0,0.4166666666666667,1.0,1.0,1.0,0.9696969696969697,1.0,1.0,0.9696969696969697,1.0,1.0,0.9696969696969697
a row of cereal boxes on a grocery store shelf with one labeled 'CRUNCHY CORN',0.033426183844011144,0.0380952380952381,0.033946251768033946,0.03418803418803419,0.03508771929824561,0.03153745072273324,0.03443328550932568,0.03980099502487562,0.03385049365303244,0.036585365853658534,0.04145077720207254,0.03545051698670606,0.02962962962962963,0.03625377643504532,0.3157894736842105,0.029850746268656716,0.11578947368421053,0.06896551724137931,0.03361344537815126,0.03592814371257485,0.04678362573099415,0.04332129963898917,0.03498542274052478,0.03896103896103896,0.02867383512544803
"A futuristic city street at night, with glowing holographic advertisements displaying brand names.",0.07865168539325842,0.23809523809523808,0.1891891891891892,0.21929824561403508,0.18930041152263374,0.08372093023255814,0.18292682926829268,0.1564245810055866,0.16143497757847533,0.26881720430107525,0.1485148514851485,0.12571428571428572,0.20754716981132076,0.30985915492957744,0.12612612612612611,0.25365853658536586,0.1896551724137931,0.2361111111111111,0.19607843137254902,0.07207207207207207,0.20725388601036268,0.1342281879194631,0.14285714285714285,0.25,0.18556701030927836
a contract titled 'Rental Agreement',0.027675276752767528,0.019886363636363636,0.02531645569620253,0.02335766423357664,0.024521072796934867,0.033542976939203356,0.0185799601857996,0.026064291920069503,0.02570694087403599,0.030360531309297913,0.02242466713384723,0.022519352568613652,0.022970903522205207,0.02440884820747521,0.0,0.02450229709035222,0.030563514804202482,0.037825059101654845,0.025356576862123614,0.027257240204429302,0.055865921787709494,0.022889842632331903,0.025995125913891144,0.02831858407079646,0.024427480916030534
a blue backpack leaning against a wall with a patch that says 'explorer',0.75,0.875,0.875,0.9333333333333333,0.8235294117647058,0.6666666666666666,0.875,0.875,0.875,1.0,0.9333333333333333,0.875,0.9333333333333333,0.5384615384615384,1.0,0.75,0.8235294117647058,0.5714285714285714,0.8235294117647058,0.7058823529411765,0.3870967741935484,0.75,0.75,0.9333333333333333,1.0
A fire truck with 'FIRE DEPT' and the number '105' on the side.,0.43636363636363634,0.5,0.6341463414634146,0.5,0.20833333333333334,0.27848101265822783,0.6046511627906976,0.5,0.26666666666666666,0.4444444444444444,0.6666666666666666,0.41935483870967744,0.40816326530612246,0.3157894736842105,0.4444444444444444,0.6046511627906976,0.7272727272727273,0.5128205128205128,0.7027027027027027,0.37681159420289856,0.2826086956521739,0.9285714285714286,0.5,0.4727272727272727,0.4
