prompt,layer_4,layer_3,layer_22,layer_17,layer_10,layer_19,layer_2,cfg,layer_5,layer_18,layer_11,layer_16,layer_23,layer_15,layer_12,layer_20,layer_6,layer_1,layer_8,layer_21,layer_13,layer_14,layer_9,layer_0,layer_7
prompt_4,0.0,0.0,0.0,0.0,0.0,0.0,0.0,0.9252306818962097,0.9020592570304871,0.9525998830795288,0.0,0.0,0.0,0.0,0.0,0.0,0.0,0.0,0.0,0.9450701475143433,0.0,0.0,0.0,0.0,0.0
prompt_67,0.6053998470306396,0.7516010403633118,0.8139262199401855,0.8611207008361816,0.8968064188957214,0.804277777671814,0.6591588258743286,0.7940269708633423,0.5744571089744568,0.5610361099243164,0.921030580997467,0.7043727040290833,0.0,0.7526165843009949,0.7750094532966614,0.6586960554122925,0.8747171759605408,0.7909991145133972,0.6222338676452637,0.7890532612800598,0.5534238815307617,0.8010209798812866,0.9178737998008728,0.9614695906639099,0.9124128222465515
prompt_10,0.9583174586296082,0.9971052408218384,0.0,0.9484885334968567,0.9803227782249451,0.7760005593299866,0.9665887355804443,0.957825779914856,0.8934007585048676,0.8718804121017456,0.9765689969062805,0.9697184562683105,0.0,0.0,0.9713907241821289,0.0,0.8454951345920563,0.0,0.9799119234085083,0.0,0.8492794036865234,0.9355921745300293,0.9869890809059143,0.0,0.9898057579994202
prompt_89,0.9967848062515259,0.0,0.0,0.0,0.9933370649814606,0.0,0.9843686819076538,0.0,0.0,0.985146164894104,0.9936295747756958,0.8749911189079285,0.0,0.0,0.9953072965145111,0.0,0.9770295321941376,0.9435485005378723,0.9428266286849976,0.0,0.0,0.0,0.9946432411670685,0.0,0.9949911534786224
prompt_83,0.9621305763721466,0.9955132007598877,0.7001602649688721,0.9827491939067841,0.9892942607402802,0.9498806297779083,0.7857103943824768,0.9846952557563782,0.9869367480278015,0.9907931387424469,0.9876022934913635,0.9878220558166504,0.0,0.7770273089408875,0.9910804033279419,0.8462395071983337,0.9789535105228424,0.8711234331130981,0.0,0.9765848815441132,0.9844284653663635,0.9871833324432373,0.9818215370178223,0.7367666959762573,0.9879615604877472
prompt_22,0.0,0.9913157522678375,0.0,0.0,0.9655450582504272,0.985531747341156,0.0,0.0,0.9878647327423096,0.0,0.8331224024295807,0.0,0.0,0.9858269095420837,0.5983296632766724,0.9791787266731262,0.0,0.9673043489456177,0.7105786800384521,0.0,0.0,0.9842458367347717,0.0,0.9232942163944244,0.0
prompt_55,0.9911466240882874,0.9599220752716064,0.0,0.6486387252807617,0.9068610668182373,0.9684988856315613,0.0,0.972233772277832,0.5321072340011597,0.0,0.7532244324684143,0.8125546276569366,0.0,0.9502546191215515,0.8440942466259003,0.827690452337265,0.9241895079612732,0.0,0.847000241279602,0.7893632650375366,0.977851152420044,0.7533803582191467,0.0,0.8919965624809265,0.9727970957756042
prompt_28,0.9574363231658936,0.9804912805557251,0.9811052680015564,0.9931709170341492,0.9990614056587219,0.9947718977928162,0.9937434196472168,0.997957706451416,0.5540934205055237,0.9968920946121216,0.9982264041900635,0.998477041721344,0.0,0.994259774684906,0.5133851766586304,0.9963993430137634,0.9663397669792175,0.9618768095970154,0.9850400686264038,0.9979766011238098,0.9982131719589233,0.9917081594467163,0.9961985349655151,0.0,0.8879562616348267
prompt_90,0.7951644957065582,0.9768882393836975,0.0,0.9942856431007385,0.7901334762573242,0.9863877296447754,0.9625101983547211,0.9817543625831604,0.9725213050842285,0.9202137291431427,0.9096689522266388,0.8663735091686249,0.0,0.9888989329338074,0.9682753086090088,0.7174342274665833,0.9493402540683746,0.9331061244010925,0.8898749053478241,0.5270630121231079,0.8640191555023193,0.9338838756084442,0.913566380739212,0.9778541326522827,0.877149909734726
prompt_74,0.0,0.0,0.0,0.0,0.0,0.0,0.0,0.0,0.0,0.0,0.0,0.0,0.0,0.0,0.0,0.0,0.0,0.0,0.0,0.0,0.0,0.0,0.0,0.0,0.0
prompt_31,0.0,0.0,0.0,0.0,0.0,0.0,0.0,0.0,0.0,0.0,0.0,0.0,0.0,0.0,0.0,0.0,0.0,0.0,0.0,0.0,0.0,0.0,0.0,0.0,0.0
prompt_46,0.933565616607666,0.9427924752235413,0.0,0.8627434968948364,0.983639121055603,0.9438775777816772,0.9625836610794067,0.96158367395401,0.9684705138206482,0.9829031825065613,0.9888982176780701,0.9773721098899841,0.0,0.9386401176452637,0.91557377576828,0.9437212944030762,0.963726818561554,0.8257059454917908,0.9879333972930908,0.9334399700164795,0.9384724497795105,0.9687812924385071,0.9792683720588684,0.0,0.9753482937812805
prompt_41,0.0,0.994227409362793,0.9966859817504883,0.9254871010780334,0.0,0.0,0.8488166332244873,0.8763004541397095,0.9789218902587891,0.9962174296379089,0.0,0.0,0.0,0.0,0.9780207276344299,0.0,0.8714876770973206,0.954926073551178,0.6010317802429199,0.0,0.9803077578544617,0.8756518363952637,0.7388574481010437,0.997424840927124,0.9675459861755371
prompt_36,0.943336546421051,0.9674054384231567,0.0,0.9332603216171265,0.8979544639587402,0.0,0.8614983558654785,0.8622937202453613,0.6729122400283813,0.9136315584182739,0.8797664046287537,0.6841301918029785,0.0,0.9861307442188263,0.9910242557525635,0.0,0.9602050185203552,0.7232881784439087,0.9498841762542725,0.9342419505119324,0.9156664609909058,0.9530742764472961,0.9865033626556396,0.9817864298820496,0.8738642334938049
prompt_79,0.0,0.0,0.0,0.0,0.0,0.0,0.0,0.0,0.0,0.0,0.0,0.0,0.0,0.0,0.0,0.0,0.0,0.5640371441841125,0.0,0.0,0.0,0.0,0.0,0.0,0.0
prompt_97,0.9757769107818604,0.9787644743919373,0.0,0.9940056800842285,0.9884689450263977,0.0,0.9914922118186951,0.9825530052185059,0.8320297002792358,0.9925785660743713,0.8706384897232056,0.0,0.0,0.9898217916488647,0.0,0.0,0.0,0.9638684391975403,0.9279687404632568,0.993583083152771,0.9919914603233337,0.989453911781311,0.9890670776367188,0.0,0.9511002898216248
prompt_73,0.8696885108947754,0.9449689388275146,0.0,0.9730795621871948,0.0,0.9299064874649048,0.7894769906997681,0.6822394132614136,0.6404446363449097,0.6892555952072144,0.8348233103752136,0.0,0.0,0.7000862956047058,0.0,0.9951707124710083,0.7036697864532471,0.0,0.5232445001602173,0.0,0.8825606107711792,0.5466801524162292,0.5509346127510071,0.0,0.663748562335968
prompt_52,0.9441592395305634,0.8091041743755341,0.5902199149131775,0.8098560869693756,0.9452101290225983,0.787293016910553,0.9666418731212616,0.9467531740665436,0.9124419093132019,0.8753829300403595,0.9698238670825958,0.9075099229812622,0.7429237067699432,0.9462001621723175,0.9576712846755981,0.839541882276535,0.9389714598655701,0.7774471342563629,0.9604399502277374,0.6942018270492554,0.9459185600280762,0.9635420441627502,0.9665153324604034,0.0,0.8665515184402466
prompt_25,0.9468066096305847,0.9296650886535645,0.0,0.8154280185699463,0.9250228404998779,0.8941037654876709,0.9248760342597961,0.9085918068885803,0.9057385325431824,0.920207142829895,0.9340663552284241,0.8946744203567505,0.0,0.8912492990493774,0.9307324886322021,0.9154745936393738,0.9253920912742615,0.7034769058227539,0.9316347241401672,0.884201169013977,0.9255204200744629,0.9253034591674805,0.9256840348243713,0.944371223449707,0.9296137094497681
prompt_58,0.8556614518165588,0.9984799027442932,0.99696946144104,0.9893143177032471,0.9928027987480164,0.9686486124992371,0.9958122372627258,0.9951701760292053,0.9903805255889893,0.9942878484725952,0.9410637021064758,0.9950932860374451,0.9854514598846436,0.9975684285163879,0.9934045672416687,0.998157799243927,0.9951088428497314,0.9892873167991638,0.9974013566970825,0.9963636994361877,0.9981421828269958,0.9975104331970215,0.9969828724861145,0.0,0.9904341697692871
prompt_17,0.9742557108402252,0.937361478805542,0.9326415657997131,0.8005596697330475,0.9879408180713654,0.987840086221695,0.9574165046215057,0.974803239107132,0.9598800837993622,0.9487470090389252,0.9781900942325592,0.9921200573444366,0.0,0.9918054938316345,0.7475006878376007,0.985185980796814,0.9724849760532379,0.9691933393478394,0.9498291015625,0.9936128854751587,0.9814698994159698,0.9905615746974945,0.9821847379207611,0.9479384422302246,0.9827890992164612
prompt_60,0.7756648063659668,0.9625958800315857,0.9306686520576477,0.8644483685493469,0.9673364162445068,0.0,0.9866849780082703,0.9685728549957275,0.9794716835021973,0.7290146350860596,0.9824707508087158,0.9502301812171936,0.0,0.9365272521972656,0.980332612991333,0.0,0.9876130819320679,0.8963689208030701,0.5169690847396851,0.9741185307502747,0.0,0.836352527141571,0.954265296459198,0.0,0.9955135583877563
prompt_84,0.9769723415374756,0.9407333731651306,0.0,0.9837055802345276,0.9895787835121155,0.9902575016021729,0.9613771438598633,0.9967631101608276,0.9174824357032776,0.9384612441062927,0.9492000341415405,0.0,0.0,0.9705905914306641,0.0,0.9882329106330872,0.9078955054283142,0.8578957915306091,0.9896328449249268,0.7383846044540405,0.9594911336898804,0.9111983776092529,0.9653365015983582,0.9810606241226196,0.9925541281700134
prompt_3,0.9960454702377319,0.9966426491737366,0.9918044805526733,0.0,0.993539571762085,0.98784339427948,0.9971976280212402,0.995547354221344,0.996610701084137,0.9921244978904724,0.9922159314155579,0.9928146600723267,0.0,0.975624680519104,0.992923378944397,0.9551765322685242,0.9923126697540283,0.9651724696159363,0.9938569068908691,0.9913701415061951,0.992683470249176,0.9879100918769836,0.9938682317733765,0.0,0.9908763766288757
prompt_9,0.9860985279083252,0.9984478950500488,0.0,0.0,0.984154999256134,0.9998691082000732,0.975200742483139,0.9953031539916992,0.9901991486549377,0.9990047216415405,0.9980679154396057,0.9932361245155334,0.0,0.9976344704627991,0.9986693859100342,0.9990336894989014,0.9974934458732605,0.9926930665969849,0.9864308834075928,0.9994041919708252,0.999466598033905,0.9979776740074158,0.949300229549408,0.0,0.9980412125587463
prompt_19,0.6749498248100281,0.5701286792755127,0.0,0.0,0.7180062234401703,0.8828932046890259,0.0,0.7488968074321747,0.8998366892337799,0.9300717115402222,0.8904679417610168,0.0,0.0,0.7341986894607544,0.9574477672576904,0.0,0.6187838315963745,0.7334688901901245,0.6546520590782166,0.7792421877384186,0.6537685394287109,0.6946476101875305,0.8703297078609467,0.0,0.7713971138000488
prompt_80,0.9982675909996033,0.8265052437782288,0.5030513405799866,0.7980313301086426,0.0,0.9653924107551575,0.9902147650718689,0.9954651594161987,0.0,0.990263819694519,0.7455869913101196,0.0,0.0,0.0,0.9642717242240906,0.9401609897613525,0.9839334189891815,0.0,0.873441755771637,0.0,0.0,0.0,0.818791925907135,0.0,0.9667335450649261
prompt_13,0.9774482846260071,0.8957918286323547,0.9966862201690674,0.9989976286888123,0.9171217679977417,0.966463714838028,0.8396038711071014,0.9969373047351837,0.9982864260673523,0.9930213689804077,0.988697350025177,0.9944035112857819,0.0,0.9990246891975403,0.9529227614402771,0.9637143611907959,0.9536074697971344,0.9989400506019592,0.9876071512699127,0.9975014925003052,0.997585117816925,0.9989578723907471,0.9429430961608887,0.0,0.9710776507854462
prompt_64,0.9700671434402466,0.7209230661392212,0.8043057322502136,0.0,0.9150362014770508,0.9152904152870178,0.756705105304718,0.976506769657135,0.9882691502571106,0.9232107400894165,0.7331942319869995,0.8508041501045227,0.9799795150756836,0.0,0.6490346193313599,0.818336546421051,0.7390635013580322,0.6734036207199097,0.9701493382453918,0.8177222609519958,0.9095591902732849,0.9802781343460083,0.9888625144958496,0.0,0.6422712802886963
prompt_7,0.9398896098136902,0.9599018096923828,0.0,0.8582724332809448,0.9738635420799255,0.971576452255249,0.0,0.9567933678627014,0.9630667567253113,0.9516283273696899,0.9623635411262512,0.9511740207672119,0.0,0.9228940010070801,0.9696705341339111,0.0,0.9503357410430908,0.0,0.962277352809906,0.9787309169769287,0.9425182938575745,0.9566062688827515,0.9665586948394775,0.0,0.959945797920227
prompt_56,0.9905506372451782,0.9854844510555267,0.0,0.9863802790641785,0.9873420000076294,0.9903622567653656,0.9836887717247009,0.9854718744754791,0.9896405339241028,0.9906451106071472,0.9743508994579315,0.9887434542179108,0.0,0.9447042047977448,0.9744860827922821,0.9960194230079651,0.9918995797634125,0.9939866960048676,0.9854250550270081,0.9935640096664429,0.9825166761875153,0.9638395309448242,0.9734039902687073,0.993061900138855,0.9704278409481049
prompt_21,0.9532852172851562,0.9134848117828369,0.0,0.8068491220474243,0.9396046996116638,0.867732584476471,0.8846038579940796,0.9424373507499695,0.6717216372489929,0.8995270133018494,0.9523001909255981,0.6703163385391235,0.0,0.8158463835716248,0.8884917497634888,0.5821030139923096,0.9448822736740112,0.8343210220336914,0.9418240785598755,0.6238069534301758,0.7215713262557983,0.9292518496513367,0.9393923282623291,0.9132874011993408,0.5347778797149658
prompt_99,0.0,0.0,0.0,0.0,0.0,0.0,0.0,0.0,0.0,0.0,0.0,0.0,0.0,0.0,0.0,0.0,0.0,0.0,0.0,0.0,0.0,0.0,0.0,0.9169319868087769,0.0
prompt_77,0.0,0.8494658470153809,0.0,0.0,0.9202984571456909,0.9981891512870789,0.0,0.0,0.9953246712684631,0.0,0.0,0.8397983908653259,0.0,0.0,0.0,0.0,0.9955800771713257,0.8981760144233704,0.0,0.0,0.9886139631271362,0.9814460277557373,0.8907428085803986,0.0,0.8693339824676514
prompt_93,0.0,0.9841165542602539,0.0,0.0,0.0,0.0,0.5230073928833008,0.9458521008491516,0.0,0.8465805053710938,0.0,0.0,0.0,0.9381535053253174,0.0,0.0,0.0,0.0,0.0,0.0,0.0,0.6257729530334473,0.0,0.0,0.0
prompt_45,0.9969369769096375,0.9747404456138611,0.0,0.9920259714126587,0.9925477504730225,0.9530346393585205,0.7387762069702148,0.0,0.9833543002605438,0.9731813669204712,0.9893145859241486,0.9907933473587036,0.0,0.8918087482452393,0.9610779583454132,0.7815628945827484,0.9933555722236633,0.0,0.9955094754695892,0.9859219193458557,0.925629198551178,0.9655143916606903,0.9803856015205383,0.0,0.9961802363395691
prompt_32,0.9972164630889893,0.9992251396179199,0.992928147315979,0.9594961404800415,0.9972018003463745,0.9951605200767517,0.9980786442756653,0.9978156089782715,0.9898295998573303,0.9955642223358154,0.9969391226768494,0.9964284896850586,0.0,0.9977098107337952,0.9988313913345337,0.9920164346694946,0.9928979873657227,0.9127928018569946,0.9920374751091003,0.0,0.99589604139328,0.9974826574325562,0.999312162399292,0.9353629350662231,0.9990895390510559
prompt_38,0.9869598150253296,0.8861317932605743,0.9992859959602356,0.9009661972522736,0.990820050239563,0.8857525885105133,0.962765246629715,0.9764285683631897,0.9874599575996399,0.9563775658607483,0.964531660079956,0.9663205146789551,0.9980937242507935,0.8386903405189514,0.9353487193584442,0.9257137179374695,0.9796089828014374,0.7888655662536621,0.9843582808971405,0.0,0.978281557559967,0.9312376976013184,0.9766406714916229,0.0,0.9917939603328705
prompt_35,0.9430086612701416,0.5690176486968994,0.0,0.5708765983581543,0.836700975894928,0.9363889694213867,0.9265680909156799,0.9599291682243347,0.9254329800605774,0.9433489441871643,0.8124982714653015,0.9406178593635559,0.0,0.9704376459121704,0.9731624126434326,0.9558347463607788,0.9080057144165039,0.8593091368675232,0.9659741520881653,0.9746938347816467,0.8623180389404297,0.9493018984794617,0.933510422706604,0.9643423557281494,0.8035178184509277
prompt_42,0.9283571243286133,0.8487646579742432,0.7347755432128906,0.8879254460334778,0.856503814458847,0.5841847658157349,0.7850275635719299,0.7803652286529541,0.946616917848587,0.6642889976501465,0.7680538594722748,0.9369828701019287,0.0,0.759238064289093,0.9906949996948242,0.9579903781414032,0.9820619225502014,0.9919246435165405,0.938339114189148,0.6829668879508972,0.9640312194824219,0.9318617582321167,0.9863198399543762,0.0,0.8573143184185028
prompt_48,0.9836598634719849,0.0,0.0,0.9973890781402588,0.9482856392860413,0.9692046642303467,0.9682965278625488,0.9773117899894714,0.9754195213317871,0.0,0.9922948479652405,0.76857990026474,0.0,0.0,0.974151074886322,0.0,0.980612576007843,0.0,0.9041822552680969,0.5734694004058838,0.9981077909469604,0.9354183673858643,0.9914907217025757,0.0,0.9890457987785339
prompt_70,0.0,0.0,0.0,0.0,0.0,0.0,0.0,0.0,0.0,0.0,0.0,0.0,0.0,0.0,0.0,0.0,0.0,0.6176984310150146,0.0,0.0,0.0,0.0,0.0,0.0,0.0
prompt_94,0.9962453246116638,0.9974795281887054,0.9910304546356201,0.9982370138168335,0.9973051249980927,0.9948165416717529,0.9956393241882324,0.9963382184505463,0.9980125725269318,0.9919433891773224,0.9987606704235077,0.9890341758728027,0.9771499037742615,0.997808188199997,0.9955390095710754,0.9950541257858276,0.9984161853790283,0.9930460453033447,0.9983497858047485,0.9883691966533661,0.9957187175750732,0.9928096234798431,0.9982872009277344,0.6435173153877258,0.9948205351829529
prompt_26,0.9964169561862946,0.9829745888710022,0.9860952794551849,0.9888171553611755,0.997399777173996,0.9465909004211426,0.9961884319782257,0.7851014733314514,0.9960804581642151,0.9987120032310486,0.992767870426178,0.9931156933307648,0.0,0.9931261539459229,0.9927980601787567,0.9897276759147644,0.9959244728088379,0.0,0.9968841075897217,0.8993323743343353,0.9942089915275574,0.9831889867782593,0.9923675358295441,0.990094006061554,0.9027062654495239
prompt_51,0.8446083068847656,0.8208203315734863,0.0,0.9002437591552734,0.8998114466667175,0.9462185502052307,0.974973738193512,0.8415195345878601,0.9782909154891968,0.8961900472640991,0.8965027928352356,0.8769606351852417,0.0,0.9335210919380188,0.8794212937355042,0.8658541440963745,0.8849872946739197,0.9529320001602173,0.8995400071144104,0.8025650978088379,0.9133579730987549,0.9076104164123535,0.9151254892349243,0.0,0.8728110790252686
prompt_0,0.568731963634491,0.816261887550354,0.91983562707901,0.5404754281044006,0.7636302709579468,0.5287470817565918,0.9015546441078186,0.5787500143051147,0.8802108764648438,0.5780067443847656,0.6068793535232544,0.8514214158058167,0.0,0.848206639289856,0.6131956577301025,0.0,0.8023724555969238,0.9513462781906128,0.8164124488830566,0.8748388886451721,0.9315738677978516,0.8145724534988403,0.878420352935791,0.9270031452178955,0.822761595249176
prompt_87,0.9910739064216614,0.9822037220001221,0.6033828854560852,0.99142125248909,0.9929267168045044,0.9500943124294281,0.9903689622879028,0.9941446781158447,0.9886214733123779,0.9819811284542084,0.9847078025341034,0.9835186302661896,0.9925670623779297,0.987543135881424,0.9927719533443451,0.9835500419139862,0.9837717413902283,0.988635390996933,0.9896271824836731,0.9925075173377991,0.9945452809333801,0.9838523864746094,0.9912723302841187,0.0,0.9932995438575745
prompt_69,0.9782969951629639,0.9782192707061768,0.0,0.9651978611946106,0.9762198328971863,0.9843060374259949,0.9721271991729736,0.9762490391731262,0.9743893146514893,0.9661456942558289,0.977948784828186,0.9817715883255005,0.0,0.9762097597122192,0.975609302520752,0.9697408676147461,0.978259265422821,0.9228633642196655,0.9802840948104858,0.9744320511817932,0.9645999670028687,0.9751899242401123,0.9719531536102295,0.9593217372894287,0.9774720072746277
prompt_63,0.9073134660720825,0.0,0.8050962686538696,0.0,0.9594313204288483,0.0,0.9770206212997437,0.8943707942962646,0.9599625766277313,0.9607319831848145,0.9619961380958557,0.9447161555290222,0.0,0.946853518486023,0.8090481162071228,0.7744932770729065,0.9820574522018433,0.0,0.9154163599014282,0.8002237677574158,0.9720180034637451,0.9015066623687744,0.9888735711574554,0.0,0.9774555563926697
prompt_14,0.0,0.0,0.0,0.0,0.9990188479423523,0.0,0.0,0.9638671278953552,0.9273375868797302,0.0,0.8185276389122009,0.0,0.0,0.0,0.0,0.0,0.0,0.0,0.0,0.0,0.0,0.0,0.8939558863639832,0.0,0.0
prompt_59,0.0,0.0,0.0,0.0,0.0,0.0,0.0,0.0,0.0,0.0,0.0,0.0,0.0,0.0,0.0,0.0,0.0,0.0,0.0,0.0,0.0,0.0,0.0,0.0,0.0
prompt_24,0.9915315806865692,0.9943343102931976,0.9705596566200256,0.9956509470939636,0.8169648349285126,0.9821438789367676,0.963519960641861,0.9702480137348175,0.9753551185131073,0.9242865145206451,0.9968273341655731,0.9771049618721008,0.0,0.7483199834823608,0.991969108581543,0.9713370203971863,0.9877961277961731,0.9947077631950378,0.9588912725448608,0.9714557230472565,0.9937933683395386,0.9940335154533386,0.9711294174194336,0.9988157153129578,0.9884373247623444
prompt_53,0.9769599437713623,0.9545124173164368,0.0,0.0,0.9534474015235901,0.0,0.869415819644928,0.9782134294509888,0.861791729927063,0.90470290184021,0.9667245149612427,0.0,0.0,0.5657973289489746,0.0,0.0,0.925372838973999,0.6148338317871094,0.9018486142158508,0.9476505517959595,0.0,0.0,0.8826828002929688,0.0,0.0
prompt_85,0.9293062686920166,0.9360763430595398,0.0,0.8994389772415161,0.9228637218475342,0.9009193778038025,0.930625319480896,0.9366957545280457,0.9323615431785583,0.7618406414985657,0.9301065802574158,0.9147933125495911,0.0,0.9033974409103394,0.9176280498504639,0.0,0.9385024309158325,0.7518630623817444,0.9372386336326599,0.9125887155532837,0.9221442937850952,0.9353968501091003,0.8959406614303589,0.9505603313446045,0.9353373646736145
prompt_61,0.0,0.0,0.0,0.0,0.0,0.0,0.0,0.0,0.0,0.0,0.0,0.0,0.0,0.0,0.0,0.0,0.0,0.0,0.0,0.0,0.0,0.0,0.0,0.0,0.0
prompt_16,0.9896450042724609,0.9891021251678467,0.0,0.0,0.0,0.9021249413490295,0.0,0.0,0.0,0.0,0.0,0.0,0.0,0.0,0.0,0.9848001003265381,0.0,0.0,0.0,0.0,0.0,0.9770358800888062,0.8981283903121948,0.0,0.0
prompt_8,0.6779005527496338,0.0,0.992859810590744,0.0,0.9759123921394348,0.0,0.9682855010032654,0.6766611337661743,0.0,0.9112995862960815,0.9796275496482849,0.9428564310073853,0.6221046447753906,0.9788548946380615,0.9950511455535889,0.9946291446685791,0.9045605063438416,0.0,0.9939640164375305,0.5485951900482178,0.0,0.0,0.7562717795372009,0.7527248859405518,0.9896295666694641
prompt_2,0.0,0.9967901110649109,0.0,0.9993389844894409,0.0,0.0,0.7254195809364319,0.9931638240814209,0.9992702603340149,0.0,0.9976333975791931,0.9568387269973755,0.0,0.0,0.9983888864517212,0.0,0.9988874197006226,0.9757542014122009,0.9997396469116211,0.0,0.0,0.0,0.9990116953849792,0.0,0.9959014058113098
prompt_37,0.9819482564926147,0.9597888588905334,0.0,0.9901006817817688,0.9622620940208435,0.9769734144210815,0.9779961109161377,0.9704524278640747,0.9724469780921936,0.9722731709480286,0.9545655250549316,0.974156379699707,0.0,0.9847294688224792,0.9705694913864136,0.9789249897003174,0.7624407708644867,0.9969120025634766,0.9460318684577942,0.9826345443725586,0.9860709309577942,0.9816181659698486,0.7695087790489197,0.998360276222229,0.9913520812988281
prompt_40,0.8974807262420654,0.7899760007858276,0.836331844329834,0.8469192981719971,0.9230074286460876,0.7038223147392273,0.7514081001281738,0.8889189958572388,0.5401899814605713,0.8094422817230225,0.847338855266571,0.6928200125694275,0.0,0.8429343700408936,0.832164466381073,0.9643934965133667,0.9055489897727966,0.0,0.8503944873809814,0.9139359593391418,0.8049706816673279,0.0,0.7626437544822693,0.0,0.9409373998641968
prompt_72,0.9827044010162354,0.9801489114761353,0.0,0.9671659469604492,0.971096396446228,0.0,0.9548227787017822,0.6205334663391113,0.0,0.0,0.0,0.0,0.0,0.0,0.9835699796676636,0.9827004671096802,0.0,0.8153690099716187,0.9235705435276031,0.0,0.0,0.0,0.9322828650474548,0.0,0.0
prompt_78,0.9991022944450378,0.9412620365619659,0.0,0.9923490285873413,0.9976145029067993,0.9943481981754303,0.9928661286830902,0.9933531284332275,0.9977245330810547,0.998419463634491,0.9964645504951477,0.9960105419158936,0.0,0.0,0.9967750906944275,0.9892537593841553,0.9881711900234222,0.0,0.9990426898002625,0.9961278736591339,0.9436352849006653,0.9947794675827026,0.9981708824634552,0.0,0.9983601272106171
prompt_96,0.8322900831699371,0.9114139676094055,0.8545513153076172,0.6231197118759155,0.8522099256515503,0.5827993154525757,0.9482313990592957,0.7648172378540039,0.9800964295864105,0.9548729658126831,0.9564418196678162,0.7063771486282349,0.0,0.7597036361694336,0.8011831939220428,0.9745556116104126,0.7003242373466492,0.849520206451416,0.8020834624767303,0.7804952561855316,0.969618022441864,0.635509729385376,0.9845913946628571,0.5237915515899658,0.9884405434131622
prompt_75,0.9951183497905731,0.9767298996448517,0.0,0.9967319965362549,0.9840563535690308,0.9976915717124939,0.982042133808136,0.9984186291694641,0.9781500697135925,0.9974292516708374,0.99164879322052,0.996478796005249,0.0,0.9970324039459229,0.8935372233390808,0.7792363166809082,0.9264453649520874,0.9813401699066162,0.981486976146698,0.813281774520874,0.969282865524292,0.9922878742218018,0.9898627698421478,0.0,0.8250074088573456
prompt_91,0.7684673964977264,0.9539937078952789,0.9079027771949768,0.9428638815879822,0.9117916226387024,0.8762187361717224,0.9718655943870544,0.9697915315628052,0.697827011346817,0.9342238306999207,0.7716783881187439,0.9770412445068359,0.0,0.0,0.8977454602718353,0.9776850342750549,0.9837735295295715,0.985704779624939,0.8923391997814178,0.9858519434928894,0.6707199215888977,0.6629036962985992,0.7725570201873779,0.0,0.9344840347766876
prompt_47,0.9555704593658447,0.9528534412384033,0.9060946106910706,0.956147313117981,0.9663501381874084,0.8985085487365723,0.9473240375518799,0.9628940224647522,0.9541101455688477,0.960017204284668,0.9668108820915222,0.9332745671272278,0.0,0.9471415877342224,0.9353494644165039,0.8873851299285889,0.95230633020401,0.8927761316299438,0.9595838189125061,0.9155092835426331,0.9306413531303406,0.9526569247245789,0.9508746862411499,0.7792930006980896,0.9708676934242249
prompt_30,0.7552891969680786,0.9287757277488708,0.0,0.9794187545776367,0.6606957316398621,0.9914137721061707,0.9814692735671997,0.9860070943832397,0.9991249442100525,0.9817442297935486,0.9757697582244873,0.8828787207603455,0.0,0.8968983292579651,0.9255048036575317,0.9978758096694946,0.904095470905304,0.9584445953369141,0.9624894857406616,0.9949620366096497,0.9961810111999512,0.7771430015563965,0.9661400318145752,0.0,0.916924774646759
prompt_5,0.9665994644165039,0.0,0.8460506796836853,0.0,0.990695595741272,0.9450214207172394,0.8939579129219055,0.0,0.9800474047660828,0.9697027802467346,0.0,0.0,0.0,0.0,0.9735442399978638,0.0,0.0,0.0,0.0,0.9905730485916138,0.6839759349822998,0.0,0.0,0.0,0.0
prompt_82,0.964536726474762,0.7753881514072418,0.0,0.9817852973937988,0.7217485904693604,0.0,0.9571835994720459,0.9818693995475769,0.7723712921142578,0.0,0.0,0.7862575054168701,0.0,0.8994811773300171,0.9590772986412048,0.7306400537490845,0.9799144864082336,0.82582688331604,0.8868533968925476,0.0,0.99628084897995,0.8845869898796082,0.9605793952941895,0.0,0.6519975662231445
prompt_11,0.0,0.0,0.9674464464187622,0.6765445470809937,0.9943373203277588,0.9861536026000977,0.0,0.8420277535915375,0.9947929382324219,0.9721432626247406,0.9755750298500061,0.0,0.0,0.8970967531204224,0.9725793600082397,0.8971619009971619,0.9940784573554993,0.8661198616027832,0.992575615644455,0.9911891222000122,0.9934700727462769,0.9650053977966309,0.981815755367279,0.0,0.7074328362941742
prompt_66,0.674148678779602,0.742406964302063,0.0,0.9619165658950806,0.6744178533554077,0.976741373538971,0.5498690605163574,0.6174378991127014,0.6204319596290588,0.5814353227615356,0.8521896600723267,0.0,0.0,0.8419164419174194,0.6737037301063538,0.0,0.5992621183395386,0.0,0.8928837776184082,0.735586404800415,0.6594258546829224,0.0,0.9069498181343079,0.0,0.7380352020263672
prompt_88,0.9670009016990662,0.9559372961521149,0.0,0.9060193002223969,0.7198804616928101,0.9720157980918884,0.9277023673057556,0.0,0.966982901096344,0.9661093056201935,0.9808453321456909,0.9473567008972168,0.9223880767822266,0.9650863409042358,0.9792228937149048,0.9879582524299622,0.9837470054626465,0.0,0.9826815128326416,0.9043135046958923,0.9696043133735657,0.9394315779209137,0.985737681388855,0.0,0.9871419668197632
prompt_29,0.6334711313247681,0.0,0.0,0.0,0.0,0.0,0.0,0.0,0.9753683805465698,0.0,0.6439902782440186,0.0,0.0,0.0,0.0,0.0,0.9942605495452881,0.7315452098846436,0.8461308479309082,0.0,0.0,0.0,0.620806097984314,0.0,0.968453049659729
prompt_54,0.0,0.9673900008201599,0.9449779987335205,0.9734223484992981,0.8248960971832275,0.8599536418914795,0.9912096261978149,0.8396737575531006,0.0,0.9782938361167908,0.9807998538017273,0.9837275743484497,0.0,0.9892020225524902,0.9226881265640259,0.9418119788169861,0.9946897029876709,0.9674059450626373,0.0,0.9598871469497681,0.9859517216682434,0.0,0.0,0.0,0.977536529302597
prompt_23,0.0,0.0,0.0,0.0,0.0,0.0,0.0,0.0,0.0,0.0,0.0,0.0,0.0,0.0,0.0,0.0,0.0,0.0,0.6945224404335022,0.7954159379005432,0.0,0.0,0.0,0.0,0.0
prompt_50,0.0,0.0,0.0,0.0,0.0,0.0,0.0,0.0,0.0,0.0,0.0,0.0,0.0,0.0,0.0,0.0,0.0,0.0,0.0,0.0,0.0,0.0,0.0,0.0,0.0
prompt_27,0.0,0.0,0.0,0.0,0.0,0.0,0.0,0.6259695887565613,0.7247880697250366,0.0,0.0,0.0,0.0,0.0,0.0,0.0,0.6969059109687805,0.8788686990737915,0.0,0.0,0.7687559127807617,0.0,0.0,0.0,0.0
prompt_1,0.998613178730011,0.9989230036735535,0.0,0.99778151512146,0.9930823445320129,0.0,0.9946686625480652,0.9907521605491638,0.9821428954601288,0.9980698823928833,0.9791001677513123,0.9941030740737915,0.0,0.0,0.9923879504203796,0.9899005889892578,0.9964975714683533,0.9993025064468384,0.9982813596725464,0.9927587509155273,0.9965997338294983,0.9886995553970337,0.9964267015457153,0.0,0.997808039188385
prompt_15,0.0,0.0,0.0,0.0,0.6012812852859497,0.0,0.5611834526062012,0.9578121304512024,0.0,0.7861878871917725,0.0,0.0,0.0,0.0,0.0,0.0,0.0,0.0,0.0,0.0,0.0,0.0,0.98942631483078,0.0,0.0
prompt_62,0.9871479868888855,0.6818909645080566,0.8712984919548035,0.7126065194606781,0.7600905895233154,0.6703475713729858,0.9616144001483917,0.7631713449954987,0.9392467737197876,0.888681024312973,0.9484716951847076,0.5046097636222839,0.9879003167152405,0.8054755926132202,0.8122881650924683,0.7960793972015381,0.9602483510971069,0.9329468011856079,0.9489565491676331,0.948857307434082,0.8872112035751343,0.8486627340316772,0.9526011347770691,0.0,0.7200022041797638
prompt_86,0.8628531396389008,0.7775492966175079,0.872901976108551,0.5814906656742096,0.6330448687076569,0.6464183330535889,0.7956404089927673,0.8157083094120026,0.8959216475486755,0.7292811572551727,0.8575173914432526,0.8686962127685547,0.7646756768226624,0.8003377020359039,0.9441570341587067,0.728767603635788,0.8924013376235962,0.6434324979782104,0.9035323858261108,0.7690883278846741,0.7092461585998535,0.7454049587249756,0.7382462024688721,0.0,0.900585949420929
prompt_68,0.9777968525886536,0.0,0.0,0.0,0.0,0.0,0.8659060597419739,0.0,0.5858274698257446,0.0,0.0,0.0,0.0,0.0,0.0,0.0,0.0,0.0,0.0,0.0,0.0,0.0,0.5615766048431396,0.0,0.824450671672821
prompt_49,0.9716019630432129,0.7585678696632385,0.9854118525981903,0.8720140159130096,0.9954671561717987,0.8762126863002777,0.9669857621192932,0.9652548730373383,0.9689929485321045,0.9939834475517273,0.9909835755825043,0.9864098429679871,0.0,0.9361103773117065,0.9920426607131958,0.9898825287818909,0.99174365401268,0.9960188865661621,0.9902545213699341,0.990849494934082,0.9603934586048126,0.9858173131942749,0.9797747731208801,0.0,0.9897283911705017
prompt_43,0.9048489332199097,0.8996931910514832,0.838114857673645,0.7873111963272095,0.9275181293487549,0.8847023248672485,0.9726250171661377,0.9287192821502686,0.954210102558136,0.9303082227706909,0.9274846315383911,0.7804886102676392,0.0,0.9619719386100769,0.950559139251709,0.7962850332260132,0.963683545589447,0.8682382106781006,0.9345183968544006,0.9250860214233398,0.9479720592498779,0.9317198395729065,0.9268728494644165,0.9476362466812134,0.9705079793930054
prompt_34,0.0,0.0,0.0,0.0,0.0,0.0,0.0,0.0,0.0,0.0,0.0,0.0,0.0,0.0,0.0,0.0,0.0,0.0,0.0,0.0,0.0,0.0,0.0,0.0,0.0
prompt_95,0.9868145287036896,0.9825539290904999,0.9790259599685669,0.8836315274238586,0.976254791021347,0.9660034477710724,0.9846933782100677,0.9771847128868103,0.9733631014823914,0.8618070483207703,0.985596776008606,0.9728736579418182,0.0,0.9752513468265533,0.994621217250824,0.937286376953125,0.9917484521865845,0.9885112941265106,0.9735267162322998,0.9645925760269165,0.9869896769523621,0.9781627953052521,0.9604554772377014,0.0,0.9897111356258392
prompt_71,0.928371399641037,0.9828573167324066,0.0,0.97076815366745,0.9755485653877258,0.9955806732177734,0.9979372620582581,0.8947188258171082,0.9947587251663208,0.9863634407520294,0.9746133685112,0.9844290316104889,0.0,0.0,0.847512423992157,0.0,0.9500373899936676,0.9903109073638916,0.9449822902679443,0.9862098395824432,0.8357583284378052,0.9476981163024902,0.981490433216095,0.0,0.9802008271217346
prompt_92,0.667188972234726,0.7671767175197601,0.0,0.6321754455566406,0.9112893640995026,0.9278199672698975,0.7424253821372986,0.7688944041728973,0.8550904989242554,0.7356675267219543,0.8125652074813843,0.8985881805419922,0.0,0.6487424075603485,0.8155094981193542,0.8998866677284241,0.8613354563713074,0.7080223560333252,0.7615723013877869,0.7648842334747314,0.6870602965354919,0.8453109860420227,0.9037393927574158,0.7386732697486877,0.9211390912532806
prompt_98,0.0,0.9389944672584534,0.0,0.0,0.9208616614341736,0.0,0.0,0.0,0.9930832982063293,0.0,0.0,0.0,0.0,0.0,0.0,0.0,0.9408450126647949,0.0,0.0,0.0,0.0,0.0,0.531834065914154,0.0,0.0
prompt_76,0.9902293682098389,0.9774789810180664,0.0,0.9974175095558167,0.8398007154464722,0.9558649659156799,0.9861076474189758,0.9906213283538818,0.9882221817970276,0.7878463268280029,0.9843939542770386,0.9878913760185242,0.0,0.9930236339569092,0.9902434349060059,0.8369483947753906,0.9814547896385193,0.996493935585022,0.960073709487915,0.8328745365142822,0.9612794518470764,0.9804598689079285,0.9478541016578674,0.9844518899917603,0.9846271872520447
prompt_39,0.7949697971343994,0.8438721895217896,0.0,0.8544954657554626,0.8001784086227417,0.705122709274292,0.7346067428588867,0.780197262763977,0.8536823391914368,0.8524390459060669,0.8551536202430725,0.8667730093002319,0.0,0.8800474405288696,0.8231165409088135,0.7242141962051392,0.7931647896766663,0.0,0.8415879011154175,0.8790978193283081,0.87068110704422,0.9125827550888062,0.7069021463394165,0.0,0.7764068245887756
prompt_33,0.0,0.0,0.0,0.0,0.9148036241531372,0.0,0.5231226682662964,0.0,0.0,0.0,0.0,0.0,0.0,0.0,0.0,0.0,0.0,0.0,0.0,0.0,0.0,0.0,0.0,0.0,0.0
prompt_44,0.9576228857040405,0.9768613278865814,0.9592398405075073,0.9940853714942932,0.986018180847168,0.9901852011680603,0.9773978590965271,0.9320552945137024,0.9483059048652649,0.9903632402420044,0.9855310320854187,0.9338101744651794,0.0,0.9916810393333435,0.9635159075260162,0.8656913936138153,0.9829548001289368,0.9344502091407776,0.9243823289871216,0.9043346345424652,0.9863491654396057,0.9856068789958954,0.9963022470474243,0.0,0.971775472164154
prompt_65,0.8818667531013489,0.9756307005882263,0.0,0.8882269263267517,0.9918469190597534,0.0,0.990873396396637,0.9421905279159546,0.8532904982566833,0.8102379441261292,0.9689717292785645,0.9769169092178345,0.0,0.0,0.9488611817359924,0.0,0.9838196635246277,0.7591554224491119,0.9672746062278748,0.975233793258667,0.9870849847793579,0.9730044007301331,0.9656969308853149,0.0,0.9544949531555176
prompt_12,0.0,0.5440292954444885,0.0,0.0,0.0,0.0,0.0,0.0,0.0,0.0,0.0,0.8897171020507812,0.0,0.0,0.0,0.9959515929222107,0.0,0.0,0.0,0.0,0.0,0.0,0.0,0.0,0.9755716919898987
prompt_18,0.0,0.0,0.0,0.8426136374473572,0.0,0.0,0.0,0.0,0.0,0.0,0.0,0.0,0.0,0.0,0.0,0.0,0.0,0.0,0.9181680679321289,0.0,0.0,0.0,0.7145419716835022,0.0,0.6527642011642456
prompt_81,0.0,0.0,0.0,0.0,0.0,0.0,0.0,0.9044620990753174,0.7483214139938354,0.0,0.0,0.0,0.0,0.0,0.0,0.0,0.9935770630836487,0.0,0.0,0.0,0.0,0.0,0.0,0.0,0.0
prompt_6,0.9699996113777161,0.9712976813316345,0.0,0.8583995699882507,0.9238659739494324,0.9268015623092651,0.8835064768791199,0.8905213475227356,0.7317723631858826,0.937920868396759,0.7708429098129272,0.951466977596283,0.0,0.932900607585907,0.8829647302627563,0.0,0.90826815366745,0.0,0.9529454708099365,0.9552208185195923,0.9068087339401245,0.9572469592094421,0.5441263914108276,0.0,0.9517194032669067
prompt_20,0.0,0.0,0.0,0.0,0.0,0.0,0.0,0.0,0.0,0.0,0.0,0.0,0.0,0.0,0.0,0.0,0.0,0.0,0.0,0.0,0.0,0.0,0.0,0.9654729962348938,0.0
prompt_57,0.8813378214836121,0.9351474046707153,0.0,0.9892629384994507,0.9516896307468414,0.9556589424610138,0.0,0.9141388833522797,0.9675517082214355,0.8744686841964722,0.9384059906005859,0.9520266950130463,0.0,0.945738822221756,0.0,0.9776034355163574,0.8279097974300385,0.9787822961807251,0.9932306408882141,0.9947840571403503,0.0,0.9974404573440552,0.9620557725429535,0.935839056968689,0.976763129234314
